{
    "Artists": "Kunstenare",
    "Channels": "Kanale",
    "Folders": "Lêergidse",
    "Favorites": "Gunstelinge",
    "HeaderFavoriteShows": "Gunsteling Vertonings",
    "ValueSpecialEpisodeName": "Spesiale - {0}",
    "HeaderAlbumArtists": "Album kunstenaars",
    "Books": "Boeke",
    "HeaderNextUp": "Volgende",
    "Movies": "Flieks",
    "Shows": "Televisie Reekse",
    "HeaderContinueWatching": "Hou aan kyk",
    "HeaderFavoriteEpisodes": "Gunsteling Episodes",
    "Photos": "Foto's",
    "Playlists": "Snitlyste",
    "HeaderFavoriteArtists": "Gunsteling Kunstenaars",
    "HeaderFavoriteAlbums": "Gunsteling Albums",
    "Sync": "Sinkroniseer",
    "HeaderFavoriteSongs": "Gunsteling Liedjies",
    "Songs": "Liedjies",
    "DeviceOnlineWithName": "{0} is aanlyn",
    "DeviceOfflineWithName": "{0} is ontkoppel",
    "Collections": "Versamelings",
    "Inherit": "Ontvang",
    "HeaderLiveTV": "Lewendige TV",
    "Application": "Program",
    "AppDeviceValues": "App: {0}, Toestel: {1}",
    "VersionNumber": "Weergawe {0}",
    "ValueHasBeenAddedToLibrary": "{0} is by jou media biblioteek bygevoeg",
    "UserStoppedPlayingItemWithValues": "{0} het klaar {1} op {2} gespeel",
    "UserStartedPlayingItemWithValues": "{0} is besig om {1} op {2} te speel",
    "UserPolicyUpdatedWithName": "Gebruiker beleid is verander vir {0}",
    "UserPasswordChangedWithName": "Gebruiker {0} se wagwoord is verander",
    "UserOnlineFromDevice": "{0} is aanlyn van {1}",
    "UserOfflineFromDevice": "{0} is ontkoppel van {1}",
    "UserLockedOutWithName": "Gebruiker {0} is uitgesluit",
    "UserDownloadingItemWithValues": "{0} is besig om {1} af te laai",
    "UserDeletedWithName": "Gebruiker {0} is verwyder",
    "UserCreatedWithName": "Gebruiker {0} is geskep",
    "User": "Gebruiker",
    "TvShows": "TV Programme",
    "System": "Stelsel",
    "SubtitleDownloadFailureFromForItem": "Ondertitels het misluk om af te laai van {0} vir {1}",
    "StartupEmbyServerIsLoading": "Jellyfin Bediener is besig om te laai. Probeer weer in 'n kort tyd.",
    "ServerNameNeedsToBeRestarted": "{0} moet herbegin word",
    "ScheduledTaskStartedWithName": "{0} het begin",
    "ScheduledTaskFailedWithName": "{0} het misluk",
    "ProviderValue": "Voorsiener: {0}",
    "PluginUpdatedWithName": "{0} was opgedateer",
    "PluginUninstalledWithName": "{0} was verwyder",
    "PluginInstalledWithName": "{0} is geïnstalleer",
    "Plugin": "Inprop module",
    "NotificationOptionVideoPlaybackStopped": "Video terugspeel het gestop",
    "NotificationOptionVideoPlayback": "Video terugspeel het begin",
    "NotificationOptionUserLockedOut": "Gebruiker uitgeslyt",
    "NotificationOptionTaskFailed": "Geskeduleerde taak het misluk",
    "NotificationOptionServerRestartRequired": "Bediener herbegin nodig",
    "NotificationOptionPluginUpdateInstalled": "Nuwe inprop module geïnstalleer",
    "NotificationOptionPluginUninstalled": "Inprop module verwyder",
    "NotificationOptionPluginInstalled": "Inprop module geïnstalleer",
    "NotificationOptionPluginError": "Inprop module het misluk",
    "NotificationOptionNewLibraryContent": "Nuwe inhoud bygevoeg",
    "NotificationOptionInstallationFailed": "Installasie mislukking",
    "NotificationOptionCameraImageUploaded": "Kamera foto is opgelaai",
    "NotificationOptionAudioPlaybackStopped": "Oudio terugspeel het gestop",
    "NotificationOptionAudioPlayback": "Oudio terugspeel het begin",
    "NotificationOptionApplicationUpdateInstalled": "Nuwe program weergawe geïnstalleer",
    "NotificationOptionApplicationUpdateAvailable": "Nuwe program weergawe beskikbaar",
    "NewVersionIsAvailable": "'n Nuwe Jellyfin Bedienaar weergawe kan afgelaai word.",
    "NameSeasonUnknown": "Seisoen Onbekend",
    "NameSeasonNumber": "Seisoen {0}",
    "NameInstallFailed": "{0} installering het misluk",
    "MusicVideos": "Musiek Videos",
    "Music": "Musiek",
    "MixedContent": "Gemengde inhoud",
    "MessageServerConfigurationUpdated": "Bediener konfigurasie is opgedateer",
    "MessageNamedServerConfigurationUpdatedWithValue": "Bediener konfigurasie seksie {0} is opgedateer",
    "MessageApplicationUpdatedTo": "Jellyfin Bediener is opgedateer na {0}",
    "MessageApplicationUpdated": "Jellyfin Bediener is opgedateer",
    "Latest": "Nuutste",
    "LabelRunningTimeValue": "Werktyd: {0}",
    "LabelIpAddressValue": "IP adres: {0}",
    "ItemRemovedWithName": "{0} is uit versameling verwyder",
    "ItemAddedWithName": "{0} is by die versameling gevoeg",
    "HomeVideos": "Tuis Videos",
    "HeaderRecordingGroups": "Groep Opnames",
    "Genres": "Genres",
    "FailedLoginAttemptWithUserName": "Mislukte aanmeldpoging van {0}",
    "ChapterNameValue": "Hoofstuk {0}",
    "CameraImageUploadedFrom": "'n Nuwe kamera foto is opgelaai vanaf {0}",
    "AuthenticationSucceededWithUserName": "{0} suksesvol geverifieer",
    "Albums": "Albums",
    "TasksChannelsCategory": "Internet kanale",
    "TasksApplicationCategory": "aansoek",
    "TasksLibraryCategory": "biblioteek",
    "TasksMaintenanceCategory": "onderhoud",
    "TaskCleanCacheDescription": "Vee kasregister lêers uit wat nie meer deur die stelsel benodig word nie.",
    "TaskCleanCache": "Reinig Kasgeheue Lêergids",
    "TaskDownloadMissingSubtitlesDescription": "Soek aanlyn vir vermiste onderskrifte gebasseer op metadata verstellings.",
    "TaskDownloadMissingSubtitles": "Laai vermiste onderskrifte af",
    "TaskRefreshChannelsDescription": "Vervris internet kanaal inligting.",
    "TaskRefreshChannels": "Vervris Kanale",
    "TaskCleanTranscodeDescription": "Vee transkodering lêers uit wat ouer is as een dag.",
    "TaskCleanTranscode": "Reinig Transkoderings Leêrbinder",
    "TaskUpdatePluginsDescription": "Laai opgedateerde inprop-sagteware af en installeer inprop-sagteware wat verstel is om outomaties op te dateer.",
    "TaskUpdatePlugins": "Dateer Inprop-Sagteware Op",
    "TaskRefreshPeopleDescription": "Vervris metadata oor akteurs en regisseurs in u media versameling.",
    "TaskRefreshPeople": "Vervris Mense",
    "TaskCleanLogsDescription": "Vee loglêers wat ouer as {0} dae is uit.",
    "TaskCleanLogs": "Reinig Loglêer Lêervouer",
    "TaskRefreshLibraryDescription": "Skandeer u media versameling vir nuwe lêers en verfris metadata.",
    "TaskRefreshLibrary": "Skandeer Media Versameling",
    "TaskRefreshChapterImagesDescription": "Maak kleinkiekeis (fotos) vir films wat hoofstukke het.",
    "TaskRefreshChapterImages": "Verkry Hoofstuk Beelde",
    "Undefined": "Ongedefineerd",
    "Forced": "Geforseerd",
    "Default": "Standaard",
    "TaskCleanActivityLogDescription": "Verwyder aktiwiteitsaantekeninge ouer as die opgestelde ouderdom.",
    "TaskCleanActivityLog": "Maak Aktiwiteitsaantekeninge Skoon",
    "TaskOptimizeDatabaseDescription": "Komprimeer databasis en verkort vrye ruimte. As hierdie taak uitgevoer word nadat die media versameling geskandeer is of ander veranderings aangebring is wat databasisaanpassings impliseer, kan dit die prestasie verbeter.",
    "TaskOptimizeDatabase": "Optimaliseer databasis",
    "TaskKeyframeExtractorDescription": "Haal keyframes vanuit video lêers om meer presiese HLS afspeellyste te maak. Dit kan lank duur.",
    "TaskKeyframeExtractor": "Keyframe Ekstraktor",
    "External": "Ekstern",
    "HearingImpaired": "gehoorgestremd",
    "TaskRefreshTrickplayImages": "Genereer Fopspeel Beelde",
    "TaskRefreshTrickplayImagesDescription": "Skep fopspeel voorskou vir videos in aangeskakelde media versameling.",
    "TaskAudioNormalizationDescription": "Skandeer lêers vir oudio-normaliseringsdata.",
    "TaskAudioNormalization": "Odio Normalisering",
    "TaskCleanCollectionsAndPlaylists": "Maak versamelings en snitlyste skoon",
    "TaskCleanCollectionsAndPlaylistsDescription": "Verwyder items uit versamelings en snitlyste wat nie meer bestaan nie."
}
