{
    "Albums": "ألبومات",
    "AppDeviceValues": "تطبيق: {0}, جهاز: {1}",
    "Application": "تطبيق",
    "Artists": "الفنانون",
    "AuthenticationSucceededWithUserName": "نجحت عملية التوثيق بـ {0}",
    "Books": "الكتب",
    "CameraImageUploadedFrom": "رُفعت صورة الكاميرا الجديدة من {0}",
    "Channels": "القنوات",
    "ChapterNameValue": "الفصل {0}",
    "Collections": "المجموعات",
    "DeviceOfflineWithName": "قُطِع الاتصال ب{0}",
    "DeviceOnlineWithName": "{0} متصل",
    "FailedLoginAttemptWithUserName": "محاولة تسجيل الدخول فاشلة من {0}",
    "Favorites": "المفضلة",
    "Folders": "المجلدات",
    "Genres": "التصنيفات",
    "HeaderAlbumArtists": "فناني الألبوم",
    "HeaderContinueWatching": "استئناف المشاهدة",
    "HeaderFavoriteAlbums": "الألبومات المفضلة",
    "HeaderFavoriteArtists": "الفنانون المفضلون",
    "HeaderFavoriteEpisodes": "الحلقات المفضلة",
    "HeaderFavoriteShows": "المسلسلات المفضلة",
    "HeaderFavoriteSongs": "الأغاني المفضلة",
    "HeaderLiveTV": "التلفاز المباشر",
    "HeaderNextUp": "التالي",
    "HeaderRecordingGroups": "مجموعات التسجيل",
    "HomeVideos": "الفيديوهات الشخصية",
    "Inherit": "توريث",
    "ItemAddedWithName": "أُضيف {0} للمكتبة",
    "ItemRemovedWithName": "أُزيل {0} من المكتبة",
    "LabelIpAddressValue": "عنوان الآي بي: {0}",
    "LabelRunningTimeValue": "مدة التشغيل: {0}",
    "Latest": "أحدث",
    "MessageApplicationUpdated": "حُدث خادم Jellyfin",
    "MessageApplicationUpdatedTo": "حُدث خادم Jellyfin إلى {0}",
    "MessageNamedServerConfigurationUpdatedWithValue": "حُدثت إعدادات الخادم في قسم {0}",
    "MessageServerConfigurationUpdated": "حُدثت إعدادات الخادم",
    "MixedContent": "محتوى مختلط",
    "Movies": "الأفلام",
    "Music": "الموسيقى",
    "MusicVideos": "الفيديوهات الموسيقية",
    "NameInstallFailed": "فشل تثبيت {0}",
    "NameSeasonNumber": "الموسم {0}",
    "NameSeasonUnknown": "الموسم غير معروف",
    "NewVersionIsAvailable": "نسخة جديدة من خادم Jellyfin متوفرة للتحميل.",
    "NotificationOptionApplicationUpdateAvailable": "يوجد تحديث للتطبيق",
    "NotificationOptionApplicationUpdateInstalled": "نُصب تحديث التطبيق",
    "NotificationOptionAudioPlayback": "بدأ تشغيل المقطع الصوتي",
    "NotificationOptionAudioPlaybackStopped": "أُوقف تشغيل المقطع الصوتي",
    "NotificationOptionCameraImageUploaded": "رُفعت صورة الكاميرا",
    "NotificationOptionInstallationFailed": "فشل في التثبيت",
    "NotificationOptionNewLibraryContent": "أُضيف محتوى جديدا",
    "NotificationOptionPluginError": "فشل في الملحق",
    "NotificationOptionPluginInstalled": "ثُبتت المكونات الإضافية",
    "NotificationOptionPluginUninstalled": "تمت إزالة الملحق",
    "NotificationOptionPluginUpdateInstalled": "تم تثبيت تحديثات الملحق",
    "NotificationOptionServerRestartRequired": "يجب إعادة تشغيل الخادم",
    "NotificationOptionTaskFailed": "فشل في المهمة المجدولة",
    "NotificationOptionUserLockedOut": "تم إقفال حساب المستخدم",
    "NotificationOptionVideoPlayback": "بدأ تشغيل الفيديو",
    "NotificationOptionVideoPlaybackStopped": "تم إيقاف تشغيل الفيديو",
    "Photos": "الصور",
    "Playlists": "قوائم التشغيل",
    "Plugin": "الملحق",
    "PluginInstalledWithName": "تم تثبيت {0}",
    "PluginUninstalledWithName": "تمت إزالة {0}",
    "PluginUpdatedWithName": "تم تحديث {0}",
    "ProviderValue": "المزود: {0}",
    "ScheduledTaskFailedWithName": "فشلت العملية {0}",
    "ScheduledTaskStartedWithName": "تم بدء العملية {0}",
    "ServerNameNeedsToBeRestarted": "يحتاج {0} لإعادة التشغيل",
    "Shows": "العروض",
    "Songs": "الأغاني",
    "StartupEmbyServerIsLoading": "يتم تحميل خادم Jellyfin . الرجاء المحاولة بعد قليل.",
    "SubtitleDownloadFailureForItem": "عملية إنزال الترجمة فشلت لـ{0}",
    "SubtitleDownloadFailureFromForItem": "فشل تحميل الترجمات من {0} ل {1}",
    "Sync": "مزامنة",
    "System": "النظام",
    "TvShows": "البرامج التلفزيونية",
    "User": "المستخدم",
    "UserCreatedWithName": "تم إنشاء المستخدم {0}",
    "UserDeletedWithName": "تم حذف المستخدم {0}",
    "UserDownloadingItemWithValues": "يقوم {0} بتنزيل {1}",
    "UserLockedOutWithName": "تم منع المستخدم {0} من الدخول",
    "UserOfflineFromDevice": "تم قطع اتصال {0} من {1}",
    "UserOnlineFromDevice": "{0} متصل عبر {1}",
    "UserPasswordChangedWithName": "تم تغيير كلمة السر للمستخدم {0}",
    "UserPolicyUpdatedWithName": "تم تحديث سياسة المستخدم {0}",
    "UserStartedPlayingItemWithValues": "قام {0} ببدء تشغيل {1} على {2}",
    "UserStoppedPlayingItemWithValues": "قام {0} بإيقاف تشغيل {1} على {2}",
    "ValueHasBeenAddedToLibrary": "تمت اضافت {0} إلى مكتبة الوسائط",
    "ValueSpecialEpisodeName": "حلقه خاصه - {0}",
    "VersionNumber": "الإصدار {0}",
    "TaskCleanCacheDescription": "يحذف الملفات المؤقتة التي لم يعد النظام بحاجة إليها.",
    "TaskCleanCache": "احذف ما بمجلد الملفات المؤقتة",
    "TasksChannelsCategory": "قنوات الإنترنت",
    "TasksLibraryCategory": "مكتبة",
    "TasksMaintenanceCategory": "صيانة",
    "TaskRefreshLibraryDescription": "يفحص مكتبة الوسائط الخاصة بك باحثا عن ملفات جديدة، ومن ثم يُحدث البيانات الوصفية.",
    "TaskRefreshLibrary": "افحص مكتبة الوسائط",
    "TaskRefreshChapterImagesDescription": "يُنشئ صور مصغرة لمقاطع الفيديو التي تحتوي على فصول.",
    "TaskRefreshChapterImages": "استخراج صور الفصل",
    "TasksApplicationCategory": "تطبيق",
    "TaskDownloadMissingSubtitlesDescription": "يبحث في الإنترنت على الترجمات الناقصة استنادا على البيانات الوصفية.",
    "TaskDownloadMissingSubtitles": "تحميل الترجمات الناقصة",
    "TaskRefreshChannelsDescription": "يحدث معلومات قنوات الإنترنت.",
    "TaskRefreshChannels": "إعادة تحديث القنوات",
    "TaskCleanTranscodeDescription": "يحذف ملفات الترميز الأقدم من يوم واحد.",
    "TaskCleanTranscode": "حذف ما بمجلد الترميز",
    "TaskUpdatePluginsDescription": "تحميل وتثبيت الإضافات التي تم تفعيل التحديث التلقائي لها.",
    "TaskUpdatePlugins": "تحديث الإضافات",
    "TaskRefreshPeopleDescription": "يقوم بتحديث البيانات الوصفية للممثلين والمخرجين في مكتبة الوسائط الخاصة بك.",
    "TaskRefreshPeople": "إعادة تحميل الأشخاص",
    "TaskCleanLogsDescription": "يحذف السجلات الأقدم من {0} يوم.",
    "TaskCleanLogs": "حذف مسار السجل",
    "TaskCleanActivityLogDescription": "يحذف سجل الأنشطة الأقدم من الوقت الذي تم تحديده.",
    "TaskCleanActivityLog": "حذف سجل الأنشطة",
    "Default": "افتراضي",
    "Undefined": "غير معرف",
    "Forced": "ملحقة",
    "TaskOptimizeDatabaseDescription": "يضغط قاعدة البيانات ويقتطع المساحة الحرة. تشغيل هذه المهمة بعد فحص المكتبة أو إجراء تغييرات أخرى تتضمن تعديلات في قاعدة البيانات قد تؤدي إلى تحسين الأداء.",
    "TaskOptimizeDatabase": "تحسين قاعدة البيانات",
    "TaskKeyframeExtractorDescription": "يستخرج الإطارات الرئيسية من ملفات الفيديو لكي ينشئ قوائم تشغيل بث HTTP المباشر. قد تستمر هذه العملية لوقت طويل.",
    "TaskKeyframeExtractor": "مستخرج الإطار الرئيسي",
    "External": "خارجي",
    "HearingImpaired": "ضعاف السمع",
    "TaskRefreshTrickplayImages": "توليد صور Trickplay",
    "TaskRefreshTrickplayImagesDescription": "يُنشئ معاينات Trickplay لمقاطع الفيديو في المكتبات المُمكّنة.",
    "TaskCleanCollectionsAndPlaylists": "حذف المجموعات وقوائم التشغيل",
    "TaskCleanCollectionsAndPlaylistsDescription": "حذف عناصر من المجموعات وقوائم التشغيل التي لم تعد موجودة.",
    "TaskAudioNormalization": "تطبيع الصوت",
    "TaskAudioNormalizationDescription": "مسح الملفات لتطبيع بيانات الصوت.",
    "TaskDownloadMissingLyrics": "تنزيل عبارات القصيدة",
    "TaskDownloadMissingLyricsDescription": "كلمات",
    "TaskExtractMediaSegments": "فحص مقاطع الوسائط",
    "TaskExtractMediaSegmentsDescription": "وسائط"
}
