{
    "Sync": "Сінхранізаваць",
    "Playlists": "Плэйлісты",
    "Latest": "Апошні",
    "LabelIpAddressValue": "IP-адрас: {0}",
    "ItemAddedWithName": "{0} быў дададзены ў бібліятэку",
    "MessageApplicationUpdated": "Сервер Jellyfin абноўлены",
    "NotificationOptionApplicationUpdateInstalled": "Абнаўленне прыкладання ўсталявана",
    "PluginInstalledWithName": "{0} быў усталяваны",
    "UserCreatedWithName": "Карыстальнік {0} быў створаны",
    "Albums": "Альбомы",
    "Application": "Прыкладанне",
    "AuthenticationSucceededWithUserName": "{0} паспяхова аўтэнтыфікаваны",
    "Channels": "Каналы",
    "ChapterNameValue": "Раздзел {0}",
    "Collections": "Калекцыі",
    "Default": "Па змаўчанні",
    "FailedLoginAttemptWithUserName": "Няўдалая спроба ўваходу з {0}",
    "Folders": "Папкі",
    "Favorites": "Абранае",
    "External": "Знешні",
    "Genres": "Жанры",
    "HeaderContinueWatching": "Працягнуць прагляд",
    "HeaderFavoriteAlbums": "Абраныя альбомы",
    "HeaderFavoriteEpisodes": "Абраныя серыі",
    "HeaderFavoriteShows": "Абраныя шоу",
    "HeaderFavoriteSongs": "Абраныя песні",
    "HeaderLiveTV": "Прамы эфір",
    "HeaderAlbumArtists": "Выканаўцы альбома",
    "LabelRunningTimeValue": "Працягласць: {0}",
    "HomeVideos": "Хатнія відэа",
    "ItemRemovedWithName": "{0} быў выдалены з бібліятэкі",
    "MessageApplicationUpdatedTo": "Сервер Jellyfin абноўлены да {0}",
    "Movies": "Фільмы",
    "Music": "Музыка",
    "MusicVideos": "Музычныя кліпы",
    "NameInstallFailed": "Устаноўка {0} не атрымалася",
    "NameSeasonNumber": "Сезон {0}",
    "NotificationOptionApplicationUpdateAvailable": "Даступна абнаўленне прыкладання",
    "NotificationOptionPluginInstalled": "Плагін усталяваны",
    "NotificationOptionPluginUpdateInstalled": "Абнаўленне плагіна усталявана",
    "NotificationOptionServerRestartRequired": "Патрабуецца перазапуск сервера",
    "Photos": "Фатаграфіі",
    "Plugin": "Плагін",
    "PluginUninstalledWithName": "{0} быў выдалены",
    "PluginUpdatedWithName": "{0} быў абноўлены",
    "ProviderValue": "Пастаўшчык: {0}",
    "Songs": "Песні",
    "System": "Сістэма",
    "User": "Карыстальнік",
    "UserDeletedWithName": "Карыстальнік {0} быў выдалены",
    "UserDownloadingItemWithValues": "{0} спампоўваецца {1}",
    "TaskOptimizeDatabase": "Аптымізаваць базу дадзеных",
    "Artists": "Выканаўцы",
    "UserOfflineFromDevice": "{0} адлучыўся ад {1}",
    "UserPolicyUpdatedWithName": "Палітыка карыстальніка абноўлена для {0}",
    "TaskCleanActivityLogDescription": "Выдаляе старэйшыя за зададзены ўзрост запісы ў журнале актыўнасці.",
    "TaskRefreshChapterImagesDescription": "Стварае мініяцюры для відэа, якія маюць раздзелы.",
    "TaskCleanLogsDescription": "Выдаляе файлы журналу, якім больш за {0} дзён.",
    "TaskUpdatePluginsDescription": "Спампоўвае і ўсталёўвае абнаўленні для плагінаў, якія настроены на аўтаматычнае абнаўленне.",
    "TaskRefreshChannelsDescription": "Абнаўляе інфармацыю аб інтэрнэт-канале.",
    "TaskDownloadMissingSubtitlesDescription": "Шукае ў інтэрнэце адсутныя субтытры на аснове канфігурацыі метададзеных.",
    "TaskOptimizeDatabaseDescription": "Ушчыльняе базу дадзеных і скарачае вольную прастору. Выкананне гэтай задачы пасля сканавання бібліятэкі або ўнясення іншых змяненняў, якія прадугледжваюць мадыфікацыю базы дадзеных, можа палепшыць прадукцыйнасць.",
    "TaskKeyframeExtractor": "Экстрактар ключавых кадраў",
    "TasksApplicationCategory": "Прыкладанне",
    "AppDeviceValues": "Прыкладанне: {0}, Прылада: {1}",
    "Books": "Кнігі",
    "CameraImageUploadedFrom": "Новая выява камеры была загружана з {0}",
    "DeviceOfflineWithName": "{0} адлучыўся",
    "DeviceOnlineWithName": "{0} падлучаны",
    "Forced": "Прымусова",
    "HeaderRecordingGroups": "Групы запісаў",
    "HeaderNextUp": "Наступнае",
    "HeaderFavoriteArtists": "Абраныя выканаўцы",
    "HearingImpaired": "Са слабым слыхам",
    "Inherit": "Атрымаць у спадчыну",
    "MessageNamedServerConfigurationUpdatedWithValue": "Канфігурацыя сервера {0} абноўлена",
    "MessageServerConfigurationUpdated": "Канфігурацыя сервера абноўлена",
    "MixedContent": "Змешаны змест",
    "NameSeasonUnknown": "Невядомы сезон",
    "NotificationOptionInstallationFailed": "Збой усталёўкі",
    "NewVersionIsAvailable": "Новая версія сервера Jellyfin даступная для cпампоўкі.",
    "NotificationOptionCameraImageUploaded": "Выява камеры запампавана",
    "NotificationOptionAudioPlaybackStopped": "Прайграванне аўдыё спынена",
    "NotificationOptionAudioPlayback": "Прайграванне аўдыё пачалося",
    "NotificationOptionNewLibraryContent": "Дададзены новы кантэнт",
    "NotificationOptionPluginError": "Збой плагіна",
    "NotificationOptionPluginUninstalled": "Плагін выдалены",
    "NotificationOptionTaskFailed": "Збой запланаванага задання",
    "NotificationOptionUserLockedOut": "Карыстальнік заблакіраваны",
    "NotificationOptionVideoPlayback": "Пачалося прайграванне відэа",
    "NotificationOptionVideoPlaybackStopped": "Прайграванне відэа спынена",
    "ScheduledTaskFailedWithName": "{0} не атрымалася",
    "ScheduledTaskStartedWithName": "{0} пачалося",
    "ServerNameNeedsToBeRestarted": "{0} трэба перазапусціць",
    "Shows": "Шоу",
    "StartupEmbyServerIsLoading": "Jellyfin Server загружаецца. Калі ласка, паўтарыце спробу крыху пазней.",
    "SubtitleDownloadFailureFromForItem": "Не атрымалася спампаваць субтытры з {0} для {1}",
    "TvShows": "ТБ-шоу",
    "Undefined": "Нявызначана",
    "UserLockedOutWithName": "Карыстальнік {0} быў заблакіраваны",
    "UserOnlineFromDevice": "{0} падключаны з {1}",
    "UserPasswordChangedWithName": "Пароль быў зменены для карыстальніка {0}",
    "UserStartedPlayingItemWithValues": "{0} грае {1} на {2}",
    "UserStoppedPlayingItemWithValues": "{0} скончыў прайграванне {1} на {2}",
    "ValueHasBeenAddedToLibrary": "{0} быў дададзены ў вашу медыятэку",
    "ValueSpecialEpisodeName": "Спецэпізод - {0}",
    "VersionNumber": "Версія {0}",
    "TasksMaintenanceCategory": "Абслугоўванне",
    "TasksLibraryCategory": "Медыятэка",
    "TasksChannelsCategory": "Інтэрнэт-каналы",
    "TaskCleanActivityLog": "Ачысціць журнал актыўнасці",
    "TaskCleanCache": "Ачысціць кэш",
    "TaskCleanCacheDescription": "Выдаляе файлы кэша, якія больш не патрэбныя сістэме.",
    "TaskRefreshChapterImages": "Выняць выявы раздзелаў",
    "TaskRefreshLibrary": "Сканіраваць медыятэку",
    "TaskRefreshLibraryDescription": "Сканіруе вашу медыятэку на наяўнасць новых файлаў і абнаўляе метададзеныя.",
    "TaskCleanLogs": "Ачысціць часопіс",
    "TaskRefreshPeople": "Абнавіць людзей",
    "TaskRefreshPeopleDescription": "Абнаўленне метаданых для акцёраў і рэжысёраў у вашай медыятэцы.",
    "TaskUpdatePlugins": "Абнавіць плагіны",
    "TaskCleanTranscode": "Ачысціць каталог перакадзіравання",
    "TaskCleanTranscodeDescription": "Выдаляе перакадзіраваныя файлы, старэйшыя за адзін дзень.",
    "TaskRefreshChannels": "Абнавіць каналы",
    "TaskDownloadMissingSubtitles": "Спампаваць адсутныя субтытры",
    "TaskKeyframeExtractorDescription": "Выдае ключавыя кадры з відэафайлаў для стварэння больш дакладных спісаў прайгравання HLS. Гэта задача можа працаваць у працягу доўгага часу.",
    "TaskRefreshTrickplayImages": "Стварыце выявы Trickplay",
    "TaskRefreshTrickplayImagesDescription": "Стварае прагляд відэаролікаў для Trickplay у падключаных бібліятэках.",
    "TaskCleanCollectionsAndPlaylists": "Ачысціце калекцыі і спісы прайгравання",
    "TaskCleanCollectionsAndPlaylistsDescription": "Выдаляе элементы з калекцый і спісаў прайгравання, якія больш не існуюць.",
    "TaskAudioNormalizationDescription": "Сканіруе файлы на прадмет нармалізацыі гуку.",
    "TaskAudioNormalization": "Нармалізацыя гуку",
    "TaskExtractMediaSegmentsDescription": "Выдае або атрымлівае медыясегменты з убудоў з падтрымкай MediaSegment.",
    "TaskMoveTrickplayImagesDescription": "Перамяшчае існуючыя файлы trickplay у адпаведнасці з наладамі бібліятэкі.",
    "TaskDownloadMissingLyrics": "Спампаваць зніклыя тэксты песень",
    "TaskDownloadMissingLyricsDescription": "Спампоўвае тэксты для песень",
    "TaskExtractMediaSegments": "Сканіраванне медыя-сегмента",
    "TaskMoveTrickplayImages": "Перанесці месцазнаходжанне выявы Trickplay"
}
