{
    "Albums": "Албуми",
    "AppDeviceValues": "Програма: {0}, Устройство: {1}",
    "Application": "Програма",
    "Artists": "Артисти",
    "AuthenticationSucceededWithUserName": "{0} се удостовери успешно",
    "Books": "Книги",
    "CameraImageUploadedFrom": "Нова снимка от камера беше качена от {0}",
    "Channels": "Канали",
    "ChapterNameValue": "Глава {0}",
    "Collections": "Колекции",
    "DeviceOfflineWithName": "{0} се разкачи",
    "DeviceOnlineWithName": "{0} е свързан",
    "FailedLoginAttemptWithUserName": "Неуспешен опит за влизане от {0}",
    "Favorites": "Любими",
    "Folders": "Папки",
    "Genres": "Жанрове",
    "HeaderAlbumArtists": "Изпълнители на албуми",
    "HeaderContinueWatching": "Продължаване на гледането",
    "HeaderFavoriteAlbums": "Любими албуми",
    "HeaderFavoriteArtists": "Любими изпълнители",
    "HeaderFavoriteEpisodes": "Любими епизоди",
    "HeaderFavoriteShows": "Любими сериали",
    "HeaderFavoriteSongs": "Любими песни",
    "HeaderLiveTV": "Телевизия на живо",
    "HeaderNextUp": "Следва",
    "HeaderRecordingGroups": "Запис групи",
    "HomeVideos": "Домашни Клипове",
    "Inherit": "Наследяване",
    "ItemAddedWithName": "{0} е добавено към библиотеката",
    "ItemRemovedWithName": "{0} е премахнато от библиотеката",
    "LabelIpAddressValue": "IP адрес: {0}",
    "LabelRunningTimeValue": "Продължителност: {0}",
    "Latest": "Последни",
    "MessageApplicationUpdated": "Сървърът беше обновен",
    "MessageApplicationUpdatedTo": "Сървърът беше обновен до {0}",
    "MessageNamedServerConfigurationUpdatedWithValue": "Секцията {0} от сървърната конфигурация беше актуализирана",
    "MessageServerConfigurationUpdated": "Конфигурацията на сървъра беше актуализирана",
    "MixedContent": "Смесено съдържание",
    "Movies": "Филми",
    "Music": "Музика",
    "MusicVideos": "Музикални Видеа",
    "NameInstallFailed": "{0} не можа да се инсталира",
    "NameSeasonNumber": "Сезон {0}",
    "NameSeasonUnknown": "Неразпознат сезон",
    "NewVersionIsAvailable": "Нова версия на Джелифин сървъра е достъпна за сваляне.",
    "NotificationOptionApplicationUpdateAvailable": "Налично е обновление на програмата",
    "NotificationOptionApplicationUpdateInstalled": "Обновлението на програмата е инсталирано",
    "NotificationOptionAudioPlayback": "Възпроизвеждането на звук започна",
    "NotificationOptionAudioPlaybackStopped": "Възпроизвеждането на звук е спряно",
    "NotificationOptionCameraImageUploaded": "Изображението от фотоапарата е качено",
    "NotificationOptionInstallationFailed": "Неуспешно инсталиране",
    "NotificationOptionNewLibraryContent": "Добавено е ново съдържание",
    "NotificationOptionPluginError": "Грешка в приставка",
    "NotificationOptionPluginInstalled": "Приставката е инсталирана",
    "NotificationOptionPluginUninstalled": "Приставката е деинсталирана",
    "NotificationOptionPluginUpdateInstalled": "Обновлението на приставката е инсталирано",
    "NotificationOptionServerRestartRequired": "Сървърът трябва да се рестартира",
    "NotificationOptionTaskFailed": "Грешка в планирана задача",
    "NotificationOptionUserLockedOut": "Потребителят е заключен",
    "NotificationOptionVideoPlayback": "Възпроизвеждането на видео започна",
    "NotificationOptionVideoPlaybackStopped": "Възпроизвеждането на видео е спряно",
    "Photos": "Снимки",
    "Playlists": "Списъци",
    "Plugin": "Добавка",
    "PluginInstalledWithName": "{0} е инсталиранa",
    "PluginUninstalledWithName": "{0} е деинсталиранa",
    "PluginUpdatedWithName": "{0} е обновенa",
    "ProviderValue": "Доставчик: {0}",
    "ScheduledTaskFailedWithName": "{0} се провали",
    "ScheduledTaskStartedWithName": "{0} започна",
    "ServerNameNeedsToBeRestarted": "{0} трябва да се рестартира",
    "Shows": "Сериали",
    "Songs": "Песни",
    "StartupEmbyServerIsLoading": "Сървърът зарежда. Моля, опитайте отново след малко.",
    "SubtitleDownloadFailureForItem": "Неуспешно изтегляне на субтитри за {0}",
    "SubtitleDownloadFailureFromForItem": "Субтитрите за {1} от {0} не можаха да бъдат изтеглени",
    "Sync": "Синхронизиране",
    "System": "Система",
    "TvShows": "Телевизионни сериали",
    "User": "Потребител",
    "UserCreatedWithName": "Потребителят {0} е създаден",
    "UserDeletedWithName": "Потребителят {0} е изтрит",
    "UserDownloadingItemWithValues": "{0} изтегля {1}",
    "UserLockedOutWithName": "Потребител {0} се заключи",
    "UserOfflineFromDevice": "{0} се разкачи от {1}",
    "UserOnlineFromDevice": "{0} е на линия от {1}",
    "UserPasswordChangedWithName": "Паролата на потребителя {0} е променена",
    "UserPolicyUpdatedWithName": "Потребителската политика за {0} се актуализира",
    "UserStartedPlayingItemWithValues": "{0} пусна {1}",
    "UserStoppedPlayingItemWithValues": "{0} спря {1}",
    "ValueHasBeenAddedToLibrary": "{0} беше добавен във Вашата библиотека",
    "ValueSpecialEpisodeName": "Специални - {0}",
    "VersionNumber": "Версия {0}",
    "TaskDownloadMissingSubtitlesDescription": "Търси Интернет за липсващи субтитри, на база конфигурацията за мета-данни.",
    "TaskDownloadMissingSubtitles": "Изтегляне на липсващи субтитри",
    "TaskRefreshChannelsDescription": "Обновява информацията за интернет канала.",
    "TaskRefreshChannels": "Обновяване на Канали",
    "TaskCleanTranscodeDescription": "Изтрива транскодирани файлове по-стари от един ден.",
    "TaskCleanTranscode": "Изчиства директорията за транскодиране",
    "TaskUpdatePluginsDescription": "Изтегля и инсталира актуализации за добавките, които са настроени за автоматична актуализация.",
    "TaskUpdatePlugins": "Актуализира добавките",
    "TaskRefreshPeopleDescription": "Актуализира мета-данните за артистите и режисьорите за Вашата медийна библиотека.",
    "TaskRefreshPeople": "Обновяване на участниците",
    "TaskCleanLogsDescription": "Изтрива лог файлове по-стари от {0} дни.",
    "TaskCleanLogs": "Изчисти директорията с логове",
    "TaskRefreshLibraryDescription": "Сканира Вашата библиотека с медия за нови файлове и обновява мета-данните.",
    "TaskRefreshLibrary": "Сканиране на библиотеката с медия",
    "TaskRefreshChapterImagesDescription": "Създава иконки за видеа, които имат епизоди.",
    "TaskRefreshChapterImages": "Извличане на изображения за епизода",
    "TaskCleanCacheDescription": "Изтриване на ненужните от системата файлове.",
    "TaskCleanCache": "Изчистване на Кеш-директорията",
    "TasksChannelsCategory": "Интернет Канали",
    "TasksApplicationCategory": "Приложение",
    "TasksLibraryCategory": "Библиотека",
    "TasksMaintenanceCategory": "Поддръжка",
    "Undefined": "Неопределено",
    "Forced": "Принудително",
    "Default": "По подразбиране",
    "TaskCleanActivityLogDescription": "Изтрива записите в дневника с активност по стари от конфигурираната възраст.",
    "TaskCleanActivityLog": "Изчисти дневника с активност",
    "TaskOptimizeDatabaseDescription": "Прави базата данни по-компактна и освобождава място. Пускането на тази задача след сканиране на библиотеката или правене на други промени, свързани с модификации на базата данни, може да подобри производителността.",
    "TaskOptimizeDatabase": "Оптимизирай базата данни",
    "TaskKeyframeExtractorDescription": "Извличат се ключови кадри от видеофайловете ,за да се създаде по точен HLS списък . Задачата може да отнеме много време.",
    "TaskKeyframeExtractor": "Извличане на ключови кадри",
    "External": "Външен",
    "HearingImpaired": "Увреден слух",
    "TaskRefreshTrickplayImages": "Генерирай изображение",
    "TaskRefreshTrickplayImagesDescription": "Създава прегледи на Trickplay за видеа в активирани библиотеки.",
    "TaskDownloadMissingLyrics": "Свали липсващи текстове",
    "TaskDownloadMissingLyricsDescription": "Свали текстове за песни",
    "TaskCleanCollectionsAndPlaylists": "Изчисти колекциите и плейлистите",
    "TaskCleanCollectionsAndPlaylistsDescription": "Премахни несъществуващи файлове в колекциите и плейлистите.",
    "TaskAudioNormalization": "Нормализиране на звука",
    "TaskAudioNormalizationDescription": "Сканирай файловете за нормализация на звука.",
    "TaskExtractMediaSegmentsDescription": "Изважда медиини сегменти от MediaSegment плъгини.",
    "TaskMoveTrickplayImages": "Мигриране на Локацията за Trickplay изображения",
    "TaskMoveTrickplayImagesDescription": "Премества съществуващите trickplay изображения спрямо настройките на библиотеката.",
    "TaskExtractMediaSegments": "Сканиране за сегменти"
}
