{
    "Albums": "Álbumes",
    "AppDeviceValues": "App: {0}, Dispositivo: {1}",
    "Application": "Aplicación",
    "Artists": "Artistas",
    "AuthenticationSucceededWithUserName": "{0} autenticado con éxito",
    "Books": "Libros",
    "CameraImageUploadedFrom": "Una nueva imagen de cámara ha sido subida desde {0}",
    "Channels": "Canales",
    "ChapterNameValue": "Capítulo {0}",
    "Collections": "Colecciones",
    "DeviceOfflineWithName": "{0} se ha desconectado",
    "DeviceOnlineWithName": "{0} está conectado",
    "FailedLoginAttemptWithUserName": "Intento fallido de inicio de sesión de {0}",
    "Favorites": "Favoritos",
    "Folders": "Carpetas",
    "Genres": "Géneros",
    "HeaderAlbumArtists": "Artistas del Álbum",
    "HeaderContinueWatching": "Continuar viendo",
    "HeaderFavoriteAlbums": "Álbumes favoritos",
    "HeaderFavoriteArtists": "Artistas favoritos",
    "HeaderFavoriteEpisodes": "Episodios favoritos",
    "HeaderFavoriteShows": "Programas favoritos",
    "HeaderFavoriteSongs": "Canciones favoritas",
    "HeaderLiveTV": "TV en vivo",
    "HeaderNextUp": "A continuación",
    "HeaderRecordingGroups": "Grupos de grabación",
    "HomeVideos": "Videos Caseros",
    "Inherit": "Heredar",
    "ItemAddedWithName": "{0} fue agregado a la biblioteca",
    "ItemRemovedWithName": "{0} fue removido de la biblioteca",
    "LabelIpAddressValue": "Dirección IP: {0}",
    "LabelRunningTimeValue": "Tiempo de reproducción: {0}",
    "Latest": "Recientes",
    "MessageApplicationUpdated": "El servidor Jellyfin ha sido actualizado",
    "MessageApplicationUpdatedTo": "El servidor Jellyfin ha sido actualizado a {0}",
    "MessageNamedServerConfigurationUpdatedWithValue": "Se ha actualizado la sección {0} de la configuración del servidor",
    "MessageServerConfigurationUpdated": "Se ha actualizado la configuración del servidor",
    "MixedContent": "Contenido mezclado",
    "Movies": "Películas",
    "Music": "Música",
    "MusicVideos": "Videos Musicales",
    "NameInstallFailed": "Falló la instalación de {0}",
    "NameSeasonNumber": "Temporada {0}",
    "NameSeasonUnknown": "Temporada desconocida",
    "NewVersionIsAvailable": "Una nueva versión del Servidor Jellyfin está disponible para descargar.",
    "NotificationOptionApplicationUpdateAvailable": "Actualización de la aplicación disponible",
    "NotificationOptionApplicationUpdateInstalled": "Actualización de la aplicación instalada",
    "NotificationOptionAudioPlayback": "Reproducción de audio iniciada",
    "NotificationOptionAudioPlaybackStopped": "Reproducción de audio detenida",
    "NotificationOptionCameraImageUploaded": "Imagen de la cámara subida",
    "NotificationOptionInstallationFailed": "Fallo en la instalación",
    "NotificationOptionNewLibraryContent": "Nuevo contenido agregado",
    "NotificationOptionPluginError": "Falla de complemento",
    "NotificationOptionPluginInstalled": "Complemento instalado",
    "NotificationOptionPluginUninstalled": "Complemento desinstalado",
    "NotificationOptionPluginUpdateInstalled": "Actualización de complemento instalada",
    "NotificationOptionServerRestartRequired": "Se necesita reiniciar el servidor",
    "NotificationOptionTaskFailed": "Falla de tarea programada",
    "NotificationOptionUserLockedOut": "Usuario bloqueado",
    "NotificationOptionVideoPlayback": "Reproducción de video iniciada",
    "NotificationOptionVideoPlaybackStopped": "Reproducción de video detenida",
    "Photos": "Fotos",
    "Playlists": "Listas de reproducción",
    "Plugin": "Complemento",
    "PluginInstalledWithName": "{0} fue instalado",
    "PluginUninstalledWithName": "{0} fue desinstalado",
    "PluginUpdatedWithName": "{0} fue actualizado",
    "ProviderValue": "Proveedor: {0}",
    "ScheduledTaskFailedWithName": "{0} falló",
    "ScheduledTaskStartedWithName": "{0} iniciado",
    "ServerNameNeedsToBeRestarted": "{0} necesita ser reiniciado",
    "Shows": "Programas",
    "Songs": "Canciones",
    "StartupEmbyServerIsLoading": "El servidor Jellyfin está cargando. Por favor, intente de nuevo pronto.",
    "SubtitleDownloadFailureForItem": "Falló la descarga de subtítulos para {0}",
    "SubtitleDownloadFailureFromForItem": "Falló la descarga de subtítulos desde {0} para {1}",
    "Sync": "Sincronizar",
    "System": "Sistema",
    "TvShows": "Programas de TV",
    "User": "Usuario",
    "UserCreatedWithName": "El usuario {0} ha sido creado",
    "UserDeletedWithName": "El usuario {0} ha sido eliminado",
    "UserDownloadingItemWithValues": "{0} está descargando {1}",
    "UserLockedOutWithName": "El usuario {0} ha sido bloqueado",
    "UserOfflineFromDevice": "{0} se ha desconectado desde {1}",
    "UserOnlineFromDevice": "{0} está en línea desde {1}",
    "UserPasswordChangedWithName": "Se ha cambiado la contraseña para el usuario {0}",
    "UserPolicyUpdatedWithName": "La política de usuario ha sido actualizada para {0}",
    "UserStartedPlayingItemWithValues": "{0} está reproduciendo {1} en {2}",
    "UserStoppedPlayingItemWithValues": "{0} ha terminado de reproducir {1} en {2}",
    "ValueHasBeenAddedToLibrary": "{0} se ha añadido a tu biblioteca de medios",
    "ValueSpecialEpisodeName": "Especial - {0}",
    "VersionNumber": "Versión {0}",
    "TaskDownloadMissingSubtitlesDescription": "Busca subtítulos faltantes en Internet basándose en la configuración de metadatos.",
    "TaskDownloadMissingSubtitles": "Descargar subtítulos faltantes",
    "TaskRefreshChannelsDescription": "Actualiza la información de los canales de Internet.",
    "TaskRefreshChannels": "Actualizar canales",
    "TaskCleanTranscodeDescription": "Elimina archivos transcodificados que tengan más de un día de antigüedad.",
    "TaskCleanTranscode": "Limpiar directorio de transcodificado",
    "TaskUpdatePluginsDescription": "Descarga e instala actualizaciones para complementos que están configurados para actualizarse automáticamente.",
    "TaskUpdatePlugins": "Actualizar complementos",
    "TaskRefreshPeopleDescription": "Actualiza metadatos de actores y directores en tu biblioteca de medios.",
    "TaskRefreshPeople": "Actualizar personas",
    "TaskCleanLogsDescription": "Elimina archivos de registro con más de {0} días de antigüedad.",
    "TaskCleanLogs": "Limpiar directorio de registros",
    "TaskRefreshLibraryDescription": "Escanea tu biblioteca de medios por archivos nuevos y actualiza los metadatos.",
    "TaskRefreshLibrary": "Escanear biblioteca de medios",
    "TaskRefreshChapterImagesDescription": "Crea miniaturas para videos que tienen capítulos.",
    "TaskRefreshChapterImages": "Extraer imágenes de los capítulos",
    "TaskCleanCacheDescription": "Elimina archivos caché que ya no son necesarios para el sistema.",
    "TaskCleanCache": "Limpiar directorio caché",
    "TasksChannelsCategory": "Canales de Internet",
    "TasksApplicationCategory": "Aplicación",
    "TasksLibraryCategory": "Biblioteca",
    "TasksMaintenanceCategory": "Mantenimiento",
    "TaskCleanActivityLogDescription": "Elimina entradas del registro de actividad que sean más antiguas al periodo establecido.",
    "TaskCleanActivityLog": "Limpiar registro de actividades",
    "Undefined": "Sin definir",
    "Forced": "Forzado",
    "Default": "Predeterminado",
    "TaskOptimizeDatabase": "Optimizar base de datos",
    "TaskOptimizeDatabaseDescription": "Compacta la base de datos y trunca el espacio libre. Puede mejorar el rendimiento si se realiza esta tarea después de escanear la biblioteca o después de realizar otros cambios que impliquen modificar la base de datos.",
    "TaskKeyframeExtractorDescription": "Extrae los cuadros clave de los archivos de vídeo para crear listas HLS más precisas. Esta tarea puede tardar un buen rato.",
    "TaskKeyframeExtractor": "Extractor de Cuadros Clave",
    "External": "Externo",
    "HearingImpaired": "Discapacidad Auditiva",
    "TaskRefreshTrickplayImagesDescription": "Crea previsualizaciones para la barra de reproducción en las bibliotecas habilitadas.",
    "TaskRefreshTrickplayImages": "Generar imágenes de la barra de reproducción",
    "TaskAudioNormalization": "Normalización de audio",
    "TaskAudioNormalizationDescription": "Analiza los archivos para normalizar el audio.",
    "TaskCleanCollectionsAndPlaylists": "Limpieza de colecciones y listas de reproducción",
    "TaskCleanCollectionsAndPlaylistsDescription": "Quita elementos que ya no existen de colecciones y listas de reproducción.",
    "TaskDownloadMissingLyrics": "descargar letras que faltan",
    "TaskDownloadMissingLyricsDescription": "Descargar letras de canciones",
    "TaskExtractMediaSegments": "Escaneo de segmentos de medios",
    "TaskExtractMediaSegmentsDescription": "Extrae u obtiene segmentos de medios de plugins habilitados para MediaSegment.",
    "TaskMoveTrickplayImages": "Migrar la ubicación de la imagen de Trickplay",
    "TaskMoveTrickplayImagesDescription": "Mueve archivos de trickplay existentes según la configuración de la biblioteca."
}
