{
    "ValueSpecialEpisodeName": "Berezia - {0}",
    "Sync": "Sinkronizatu",
    "Songs": "Abestiak",
    "Shows": "Serieak",
    "Playlists": "Erreprodukzio-zerrendak",
    "Photos": "Argazkiak",
    "MusicVideos": "Bideo musikalak",
    "Movies": "Filmak",
    "HeaderContinueWatching": "Ikusten jarraitu",
    "HeaderAlbumArtists": "Albumeko artistak",
    "Genres": "Generoak",
    "Folders": "Karpetak",
    "Favorites": "Gogokoak",
    "Default": "Lehenetsia",
    "Collections": "Bildumak",
    "Channels": "Kanalak",
    "Books": "Liburuak",
    "Artists": "Artistak",
    "Albums": "Albumak",
    "TaskOptimizeDatabase": "Datu basea optimizatu",
    "TaskDownloadMissingSubtitlesDescription": "Metadataren konfigurazioan oinarrituta falta diren azpitituluak bilatzen ditu interneten.",
    "TaskDownloadMissingSubtitles": "Falta diren azpitituluak deskargatu",
    "TaskRefreshChannelsDescription": "Internet kanalen informazioa eguneratu.",
    "TaskRefreshChannels": "Kanalak eguneratu",
    "TaskCleanTranscodeDescription": "Egun bat baino zaharragoak diren transcode fitxategiak ezabatzen ditu.",
    "TaskCleanTranscode": "Transcode direktorioa garbitu",
    "TaskUpdatePluginsDescription": "Automatikoki eguneratzeko konfiguratutako pluginen eguneraketak deskargatu eta instalatzen ditu.",
    "TaskUpdatePlugins": "Pluginak eguneratu",
    "TaskRefreshPeopleDescription": "Zure liburutegiko aktore eta zuzendarien metadata eguneratzen du.",
    "TaskRefreshPeople": "Jendea eguneratu",
    "TaskCleanLogsDescription": "{0} egun baino zaharragoak diren log fitxategiak ezabatzen ditu.",
    "TaskCleanLogs": "Log direktorioa garbitu",
    "TaskRefreshLibraryDescription": "Zure multimedia liburutegia eskaneatzen du fitxategi berriak eta metadatak eguneratzeko.",
    "TaskRefreshLibrary": "Multimedia Liburutegia eskaneatu",
    "TaskRefreshChapterImagesDescription": "Kapituluak dituzten bideoen miniaturak sortzen ditu.",
    "TaskRefreshChapterImages": "Kapituluen irudiak erauzi",
    "TaskCleanCacheDescription": "Sistemak behar ez dituen cache fitxategiak ezabatzen ditu.",
    "TaskCleanCache": "Cache Directorioa garbitu",
    "TaskCleanActivityLogDescription": "Konfiguratuta data baino zaharragoak diren log-ak ezabatu.",
    "TaskCleanActivityLog": "Erabilera Log-a garbitu",
    "TasksChannelsCategory": "Internet Kanalak",
    "TasksApplicationCategory": "Aplikazioa",
    "TasksLibraryCategory": "Liburutegia",
    "TasksMaintenanceCategory": "Mantenua",
    "VersionNumber": "Bertsioa {0}",
    "ValueHasBeenAddedToLibrary": "{0} zure multimedia liburutegian gehitu da",
    "UserStoppedPlayingItemWithValues": "{0}-ek {1} ikusteaz bukatu du {2}-(a)n",
    "UserStartedPlayingItemWithValues": "{0} {1} ikusten ari da {2}-(a)n",
    "UserPolicyUpdatedWithName": "{0} Erabiltzailearen politikak aldatu dira",
    "UserPasswordChangedWithName": "{0} Erabiltzailearen pasahitza aldatu da",
    "UserOnlineFromDevice": "{0} online dago {1}-tik",
    "UserOfflineFromDevice": "{0} {1}-tik deskonektatu da",
    "UserLockedOutWithName": "{0} Erabiltzailea blokeatu da",
    "UserDownloadingItemWithValues": "{1} {0}-tik deskargatzen",
    "UserDeletedWithName": "{0} Erabiltzailea ezabatu da",
    "UserCreatedWithName": "{0} Erabiltzailea sortu da",
    "User": "Erabiltzailea",
    "Undefined": "Ezezaguna",
    "TvShows": "TB showak",
    "System": "Sistema",
    "SubtitleDownloadFailureFromForItem": "{1}-en azpitutuluak {0} deskargatzean huts egin du",
    "StartupEmbyServerIsLoading": "Jellyfin zerbitzaria kargatzen. Saiatu berriro beranduxeago.",
    "ServerNameNeedsToBeRestarted": "{0} berrabiarazi behar da",
    "ScheduledTaskStartedWithName": "{0} hasi da",
    "ScheduledTaskFailedWithName": "{0} huts egin du",
    "PluginUpdatedWithName": "{0} eguneratu da",
    "PluginUninstalledWithName": "{0} desinstalatu da",
    "PluginInstalledWithName": "{0} instalatu da",
    "Plugin": "Plugin",
    "NotificationOptionVideoPlaybackStopped": "Bideoa geldituta",
    "NotificationOptionVideoPlayback": "Bideoa martxan",
    "NotificationOptionUserLockedOut": "Erabiltzailea blokeatua",
    "NotificationOptionTaskFailed": "Programatutako atazak huts egin du",
    "NotificationOptionServerRestartRequired": "Zerbitzaria berrabiarazi behar da",
    "NotificationOptionPluginUpdateInstalled": "Pluginaren eguneraketa instalatua",
    "NotificationOptionPluginUninstalled": "Plugina desinstalatua",
    "NotificationOptionPluginInstalled": "Plugina instalatua",
    "NotificationOptionPluginError": "Pluginak huts egin du",
    "NotificationOptionNewLibraryContent": "Eduki berria gehitua",
    "NotificationOptionInstallationFailed": "Instalazioak huts egin du",
    "NotificationOptionCameraImageUploaded": "Kamerako irudia igota",
    "NotificationOptionAudioPlaybackStopped": "Audioa gelditua",
    "NotificationOptionAudioPlayback": "Audioa martxan",
    "NotificationOptionApplicationUpdateInstalled": "Aplikazioaren eguneraketa instalatua",
    "NotificationOptionApplicationUpdateAvailable": "Aplikazioaren eguneraketa eskuragarri",
    "NewVersionIsAvailable": "Jellyfin zerbitzariaren bertsio berria deskargatzeko eskuragarri dago.",
    "NameSeasonUnknown": "Denboraldi ezezaguna",
    "NameSeasonNumber": "{0} Denboraldia",
    "NameInstallFailed": "{0} instalazioak huts egin du",
    "Music": "Musika",
    "MixedContent": "Denetariko edukia",
    "MessageServerConfigurationUpdated": "Zerbitzariaren konfigurazioa eguneratu da",
    "MessageNamedServerConfigurationUpdatedWithValue": "Zerbitzariaren konfigurazio {0} atala eguneratu da",
    "MessageApplicationUpdatedTo": "Jellyfin zerbitzaria {0}-ra eguneratu da",
    "MessageApplicationUpdated": "Jellyfin zerbitzaria eguneratu da",
    "Latest": "Azkena",
    "LabelRunningTimeValue": "Denbora martxan: {0}",
    "LabelIpAddressValue": "IP helbidea: {0}",
    "ItemRemovedWithName": "{0} liburutegitik ezabatu da",
    "ItemAddedWithName": "{0} liburutegira gehitu da",
    "HomeVideos": "Etxeko bideoak",
    "HeaderNextUp": "Nobedadeak",
    "HeaderLiveTV": "Zuzeneko TB",
    "HeaderFavoriteSongs": "Gogoko abestiak",
    "HeaderFavoriteShows": "Gogoko showak",
    "HeaderFavoriteEpisodes": "Gogoko atalak",
    "HeaderFavoriteArtists": "Gogoko artistak",
    "HeaderFavoriteAlbums": "Gogoko albumak",
    "Forced": "Behartuta",
    "FailedLoginAttemptWithUserName": "Login egiten akatsa, saiatu hemen {0}",
    "External": "Kanpokoa",
    "DeviceOnlineWithName": "{0} konektatu da",
    "DeviceOfflineWithName": "{0} deskonektatu da",
    "ChapterNameValue": "{0} Kapitulua",
    "CameraImageUploadedFrom": "{0}-tik kamera irudi berri bat igo da",
    "AuthenticationSucceededWithUserName": "{0} ongi autentifikatu da",
    "Application": "Aplikazioa",
    "AppDeviceValues": "App: {0}, Gailua: {1}",
    "HearingImpaired": "Entzunaldia aldatua",
    "ProviderValue": "Hornitzailea: {0}",
    "TaskKeyframeExtractorDescription": "Bideo fitxategietako fotograma gakoak ateratzen ditu HLS erreprodukzio-zerrenda zehatzagoak sortzeko. Zeregin honek denbora asko iraun dezake.",
    "HeaderRecordingGroups": "Grabaketa taldeak",
    "Inherit": "Oinordetu",
    "TaskOptimizeDatabaseDescription": "Datu-basea trinkotu eta bertatik espazioa askatzen du. Liburutegia eskaneatu ondoren edo datu-basean aldaketak egin ondoren ataza hau exekutatzeak errendimendua hobetu lezake.",
    "TaskKeyframeExtractor": "Fotograma gakoen erauzgailua",
    "TaskRefreshTrickplayImages": "\"Trickplay Irudiak Sortu",
    "TaskRefreshTrickplayImagesDescription": "Bideoentzako trickplay aurrebistak sortzen ditu gaitutako liburutegietan."
}
