{
    "Artists": "Listafólk",
    "Collections": "Søvn",
    "Default": "Sjálvgildi",
    "DeviceOfflineWithName": "{0} hevur slitið sambandið",
    "External": "Ytri",
    "Genres": "Greinar",
    "Albums": "Album",
    "AppDeviceValues": "App: {0}, Eind: {1}",
    "Application": "Nýtsluskipan",
    "Books": "Bøkur",
    "Channels": "Rásir",
    "ChapterNameValue": "Kapittul {0}",
    "DeviceOnlineWithName": "{0} er sambundið",
    "Favorites": "Yndis",
    "Folders": "Mappur",
    "Forced": "Kravt"
}
