{
    "Albums": "Albums",
    "AppDeviceValues": "Application : {0}, Appareil : {1}",
    "Application": "Application",
    "Artists": "Artistes",
    "AuthenticationSucceededWithUserName": "{0} authentifié avec succès",
    "Books": "Livres",
    "CameraImageUploadedFrom": "Une photo a été téléchargée depuis {0}",
    "Channels": "Chaînes",
    "ChapterNameValue": "Chapitre {0}",
    "Collections": "Collections",
    "DeviceOfflineWithName": "{0} s'est déconnecté",
    "DeviceOnlineWithName": "{0} est connecté",
    "FailedLoginAttemptWithUserName": "Échec de connexion depuis {0}",
    "Favorites": "Favoris",
    "Folders": "Dossiers",
    "Genres": "Genres",
    "HeaderAlbumArtists": "Artistes d'albums",
    "HeaderContinueWatching": "Continuer de regarder",
    "HeaderFavoriteAlbums": "Albums favoris",
    "HeaderFavoriteArtists": "Artistes préférés",
    "HeaderFavoriteEpisodes": "Épisodes favoris",
    "HeaderFavoriteShows": "Séries favorites",
    "HeaderFavoriteSongs": "Chansons préférées",
    "HeaderLiveTV": "TV en direct",
    "HeaderNextUp": "Prochain à venir",
    "HeaderRecordingGroups": "Groupes d'enregistrements",
    "HomeVideos": "Vidéos personnelles",
    "Inherit": "Hériter",
    "ItemAddedWithName": "{0} a été ajouté à la médiathèque",
    "ItemRemovedWithName": "{0} a été supprimé de la médiathèque",
    "LabelIpAddressValue": "Adresse IP : {0}",
    "LabelRunningTimeValue": "Durée : {0}",
    "Latest": "Derniers",
    "MessageApplicationUpdated": "Le serveur Jellyfin a été mis à jour",
    "MessageApplicationUpdatedTo": "Le serveur Jellyfin a été mis à jour en version {0}",
    "MessageNamedServerConfigurationUpdatedWithValue": "La configuration de la section {0} du serveur a été mise à jour",
    "MessageServerConfigurationUpdated": "La configuration du serveur a été mise à jour",
    "MixedContent": "Contenu mixte",
    "Movies": "Films",
    "Music": "Musique",
    "MusicVideos": "Clips musicaux",
    "NameInstallFailed": "{0} échec de l'installation",
    "NameSeasonNumber": "Saison {0}",
    "NameSeasonUnknown": "Saison inconnue",
    "NewVersionIsAvailable": "Une nouvelle version de Jellyfin Serveur est disponible au téléchargement.",
    "NotificationOptionApplicationUpdateAvailable": "Mise à jour de l'application disponible",
    "NotificationOptionApplicationUpdateInstalled": "Mise à jour de l'application installée",
    "NotificationOptionAudioPlayback": "Lecture audio démarrée",
    "NotificationOptionAudioPlaybackStopped": "Lecture audio arrêtée",
    "NotificationOptionCameraImageUploaded": "L'image de l'appareil photo a été téléversée",
    "NotificationOptionInstallationFailed": "Échec de l'installation",
    "NotificationOptionNewLibraryContent": "Nouveau contenu ajouté",
    "NotificationOptionPluginError": "Erreur d'extension",
    "NotificationOptionPluginInstalled": "Extension installée",
    "NotificationOptionPluginUninstalled": "Extension désinstallée",
    "NotificationOptionPluginUpdateInstalled": "Mise à jour d'extension installée",
    "NotificationOptionServerRestartRequired": "Un redémarrage du serveur est requis",
    "NotificationOptionTaskFailed": "Échec de tâche planifiée",
    "NotificationOptionUserLockedOut": "Utilisateur verrouillé",
    "NotificationOptionVideoPlayback": "Lecture vidéo démarrée",
    "NotificationOptionVideoPlaybackStopped": "Lecture vidéo arrêtée",
    "Photos": "Photos",
    "Playlists": "Listes de lecture",
    "Plugin": "Extension",
    "PluginInstalledWithName": "{0} a été installé",
    "PluginUninstalledWithName": "{0} a été désinstallé",
    "PluginUpdatedWithName": "{0} a été mis à jour",
    "ProviderValue": "Fournisseur : {0}",
    "ScheduledTaskFailedWithName": "{0} a échoué",
    "ScheduledTaskStartedWithName": "{0} a démarré",
    "ServerNameNeedsToBeRestarted": "{0} doit être redémarré",
    "Shows": "Séries",
    "Songs": "Chansons",
    "StartupEmbyServerIsLoading": "Le serveur Jellyfin est en cours de chargement. Veuillez réessayer dans quelques instants.",
    "SubtitleDownloadFailureForItem": "Le téléchargement des sous-titres pour {0} a échoué.",
    "SubtitleDownloadFailureFromForItem": "Échec du téléchargement des sous-titres depuis {0} pour {1}",
    "Sync": "Synchroniser",
    "System": "Système",
    "TvShows": "Séries TV",
    "User": "Utilisateur",
    "UserCreatedWithName": "L'utilisateur {0} a été créé",
    "UserDeletedWithName": "L'utilisateur {0} a été supprimé",
    "UserDownloadingItemWithValues": "{0} est en train de télécharger {1}",
    "UserLockedOutWithName": "L'utilisateur {0} a été verrouillé",
    "UserOfflineFromDevice": "{0} s'est déconnecté depuis {1}",
    "UserOnlineFromDevice": "{0} s'est connecté depuis {1}",
    "UserPasswordChangedWithName": "Le mot de passe pour l'utilisateur {0} a été modifié",
    "UserPolicyUpdatedWithName": "La politique de l'utilisateur a été mise à jour pour {0}",
    "UserStartedPlayingItemWithValues": "{0} est en train de lire {1} sur {2}",
    "UserStoppedPlayingItemWithValues": "{0} vient d'arrêter la lecture de {1} sur {2}",
    "ValueHasBeenAddedToLibrary": "{0} a été ajouté à votre médiathèque",
    "ValueSpecialEpisodeName": "Spécial - {0}",
    "VersionNumber": "Version {0}",
    "TasksChannelsCategory": "Chaînes en ligne",
    "TaskDownloadMissingSubtitlesDescription": "Recherche les sous-titres manquants sur Internet en se basant sur la configuration des métadonnées.",
    "TaskDownloadMissingSubtitles": "Télécharger les sous-titres manquants",
    "TaskRefreshChannelsDescription": "Actualise les informations des chaînes en ligne.",
    "TaskRefreshChannels": "Actualiser les chaînes",
    "TaskCleanTranscodeDescription": "Supprime les fichiers transcodés de plus d'un jour.",
    "TaskCleanTranscode": "Nettoyer le dossier des transcodages",
    "TaskUpdatePluginsDescription": "Télécharge et installe les mises à jours des extensions configurées pour être mises à jour automatiquement.",
    "TaskUpdatePlugins": "Mettre à jour les extensions",
    "TaskRefreshPeopleDescription": "Met à jour les métadonnées pour les acteurs et réalisateurs dans votre médiathèque.",
    "TaskRefreshPeople": "Actualiser les acteurs",
    "TaskCleanLogsDescription": "Supprime les journaux de plus de {0} jours.",
    "TaskCleanLogs": "Nettoyer le répertoire des journaux",
    "TaskRefreshLibraryDescription": "Analyse votre médiathèque pour trouver de nouveaux fichiers et actualise les métadonnées.",
    "TaskRefreshLibrary": "Analyser la médiathèque",
    "TaskRefreshChapterImagesDescription": "Crée des vignettes pour les vidéos ayant des chapitres.",
    "TaskRefreshChapterImages": "Extraire les images de chapitre",
    "TaskCleanCacheDescription": "Supprime les fichiers de cache dont le système n'a plus besoin.",
    "TaskCleanCache": "Vider le répertoire cache",
    "TasksApplicationCategory": "Application",
    "TasksLibraryCategory": "Médiathèque",
    "TasksMaintenanceCategory": "Maintenance",
    "TaskCleanActivityLogDescription": "Supprime les entrées du journal d'activité antérieures à l'âge configuré.",
    "TaskCleanActivityLog": "Nettoyer le journal d'activité",
    "Undefined": "Non défini",
    "Forced": "Forcé",
    "Default": "Par défaut",
    "TaskOptimizeDatabaseDescription": "Réduit les espaces vides ou inutiles et compacte la base de données. Utiliser cette fonction après une mise à jour de la médiathèque ou toute autre modification de la base de données peut améliorer les performances du serveur.",
    "TaskOptimizeDatabase": "Optimiser la base de données",
    "TaskKeyframeExtractorDescription": "Extrait les images clés des fichiers vidéo pour créer des listes de lecture HLS plus précises. Cette tâche peut durer très longtemps.",
    "TaskKeyframeExtractor": "Extracteur d'images clés",
    "External": "Externe",
    "HearingImpaired": "Malentendants",
    "TaskRefreshTrickplayImages": "Générer des images Trickplay",
    "TaskRefreshTrickplayImagesDescription": "Crée des aperçus Trickplay pour les vidéos dans les médiathèques activées.",
    "TaskCleanCollectionsAndPlaylists": "Nettoyer les collections et les listes de lecture",
    "TaskCleanCollectionsAndPlaylistsDescription": "Supprime les éléments des collections et des listes de lecture qui n'existent plus.",
    "TaskAudioNormalization": "Normalisation audio",
    "TaskAudioNormalizationDescription": "Analyse les fichiers à la recherche de données de normalisation audio.",
    "TaskDownloadMissingLyricsDescription": "Téléchargement des paroles des chansons",
    "TaskDownloadMissingLyrics": "Télécharger les paroles des chansons manquantes",
    "TaskExtractMediaSegments": "Analyse des segments de média",
    "TaskMoveTrickplayImages": "Changer l'emplacement des images Trickplay",
    "TaskExtractMediaSegmentsDescription": "Extrait ou obtient des segments de média à partir des plugins compatibles avec MediaSegment.",
    "TaskMoveTrickplayImagesDescription": "Déplace les fichiers trickplay existants en fonction des paramètres de la bibliothèque."
}
