{
    "Albums": "Álbumes",
    "Collections": "Coleccións",
    "ChapterNameValue": "Capítulo {0}",
    "Channels": "Canles",
    "CameraImageUploadedFrom": "Cargouse unha nova imaxe da cámara desde {0}",
    "Books": "Libros",
    "AuthenticationSucceededWithUserName": "{0} autenticouse correctamente",
    "Artists": "Artistas",
    "Application": "Aplicativo",
    "NotificationOptionServerRestartRequired": "Necesario un reinicio do servidor",
    "NotificationOptionPluginUpdateInstalled": "Actualización do Plugin instalada",
    "NotificationOptionPluginUninstalled": "Plugin desinstalado",
    "NotificationOptionPluginInstalled": "Plugin instalado",
    "NotificationOptionPluginError": "Fallo do Plugin",
    "NotificationOptionNewLibraryContent": "Novo contido engadido",
    "NotificationOptionInstallationFailed": "Fallo na instalación",
    "NotificationOptionCameraImageUploaded": "Imaxe da cámara subida",
    "NotificationOptionAudioPlaybackStopped": "Reproducción de audio parada",
    "NotificationOptionAudioPlayback": "Reproducción de audio comezada",
    "NotificationOptionApplicationUpdateInstalled": "Actualización da aplicación instalada",
    "NotificationOptionApplicationUpdateAvailable": "Actualización da aplicación dispoñible",
    "NewVersionIsAvailable": "Unha nova versión do Servidor Jellyfin está dispoñible para descarga.",
    "NameSeasonUnknown": "Tempada descoñecida",
    "NameSeasonNumber": "Tempada {0}",
    "NameInstallFailed": "{0} instalación fallida",
    "MusicVideos": "Vídeos Musicais",
    "Music": "Música",
    "Movies": "Películas",
    "MixedContent": "Contido Mixto",
    "MessageServerConfigurationUpdated": "A configuración do servidor foi actualizada",
    "MessageNamedServerConfigurationUpdatedWithValue": "A sección de configuración {0} do servidor foi actualizada",
    "MessageApplicationUpdatedTo": "O servidor Jellyfin foi actualizado a {0}",
    "MessageApplicationUpdated": "O servidor Jellyfin foi actualizado",
    "Latest": "Último",
    "LabelRunningTimeValue": "Tempo de execución: {0}",
    "LabelIpAddressValue": "Enderezo IP: {0}",
    "ItemRemovedWithName": "{0} foi eliminado da biblioteca",
    "ItemAddedWithName": "{0} foi engadido a biblioteca",
    "Inherit": "Herdar",
    "HomeVideos": "Videos caseiros",
    "HeaderRecordingGroups": "Grupos de Grabación",
    "HeaderNextUp": "De seguido",
    "HeaderLiveTV": "TV en directo",
    "HeaderFavoriteSongs": "Cancións Favoritas",
    "HeaderFavoriteShows": "Series de TV Favoritas",
    "HeaderFavoriteEpisodes": "Episodios Favoritos",
    "HeaderFavoriteArtists": "Artistas Favoritos",
    "HeaderFavoriteAlbums": "Álbunes Favoritos",
    "HeaderContinueWatching": "Seguir vendo",
    "HeaderAlbumArtists": "Artistas do Album",
    "Genres": "Xéneros",
    "Forced": "Forzado",
    "Folders": "Cartafoles",
    "Favorites": "Favoritos",
    "FailedLoginAttemptWithUserName": "Intento de incio de sesión fallido {0}",
    "DeviceOnlineWithName": "{0} conectouse",
    "DeviceOfflineWithName": "{0} desconectouse",
    "Default": "Por defecto",
    "AppDeviceValues": "Aplicación: {0}, Dispositivo: {1}",
    "TaskCleanLogs": "Limpar Carpeta de Rexistros",
    "TaskCleanActivityLog": "Limpar Rexistro de Actividade",
    "TasksChannelsCategory": "Canáis de Internet",
    "TaskUpdatePlugins": "Actualizar Plugins",
    "User": "Usuario",
    "Undefined": "Sen definir",
    "TvShows": "Programas de TV",
    "System": "Sistema",
    "Sync": "Sincronizar",
    "SubtitleDownloadFailureFromForItem": "Fallou a descarga de subtítulos para {1} dende {0}",
    "StartupEmbyServerIsLoading": "O Servidor Jellyfin está cargando. Por favor, reinténteo en breve.",
    "Songs": "Cancións",
    "Shows": "Programas",
    "ServerNameNeedsToBeRestarted": "{0} precisa ser reiniciado",
    "ScheduledTaskStartedWithName": "{0} comezou",
    "ScheduledTaskFailedWithName": "{0} fallou",
    "ProviderValue": "Provedor: {0}",
    "PluginUpdatedWithName": "{0} foi actualizado",
    "PluginUninstalledWithName": "{0} foi desinstalado",
    "PluginInstalledWithName": "{0} foi instalado",
    "Playlists": "Listas de reproducción",
    "Photos": "Fotos",
    "UserLockedOutWithName": "O usuario {0} foi bloqueado",
    "UserDownloadingItemWithValues": "{0} está a ser transferido {1}",
    "UserDeletedWithName": "O usuario {0} foi borrado",
    "UserCreatedWithName": "O usuario {0} foi creado",
    "Plugin": "Plugin",
    "NotificationOptionVideoPlaybackStopped": "Reproducción de vídeo parada",
    "NotificationOptionVideoPlayback": "Reproducción de vídeo iniciada",
    "NotificationOptionUserLockedOut": "Usuario bloqueado",
    "NotificationOptionTaskFailed": "Falla na tarefa axendada",
    "TaskCleanTranscodeDescription": "Borra os arquivos de transcode anteriores a un día.",
    "TaskCleanTranscode": "Limpar Directorio de Transcode",
    "UserStoppedPlayingItemWithValues": "{0} rematou de reproducir {1} en {2}",
    "UserStartedPlayingItemWithValues": "{0} está reproducindo {1} en {2}",
    "TaskDownloadMissingSubtitlesDescription": "Busca en internet por subtítulos que faltan baseado na configuración de metadatos.",
    "TaskDownloadMissingSubtitles": "Descargar subtítulos que faltan",
    "TaskRefreshChannelsDescription": "Refresca a información do canle de internet.",
    "TaskRefreshChannels": "Refrescar Canles",
    "TaskUpdatePluginsDescription": "Descarga e instala actualizacións para plugins que están configurados para actualizarse automáticamente.",
    "TaskRefreshPeopleDescription": "Actualiza os metadatos dos actores e directores na túa libraría multimedia.",
    "TaskRefreshPeople": "Refrescar Persoas",
    "TaskCleanLogsDescription": "Borra arquivos de rexistro que son mais antigos que {0} días.",
    "TaskRefreshLibraryDescription": "Escanea a tua libraría multimedia buscando novos arquivos e refrescando os metadatos.",
    "TaskRefreshLibrary": "Escanear Libraría Multimedia",
    "TaskRefreshChapterImagesDescription": "Crea previsualizacións para videos que teñen capítulos.",
    "TaskRefreshChapterImages": "Extraer Imaxes dos Capítulos",
    "TaskCleanCacheDescription": "Borra ficheiros da caché que xa non son necesarios para o sistema.",
    "TaskCleanCache": "Limpa Directorio de Caché",
    "TaskCleanActivityLogDescription": "Borra as entradas no rexistro de actividade anteriores á data configurada.",
    "TasksApplicationCategory": "Aplicación",
    "ValueSpecialEpisodeName": "Especial - {0}",
    "ValueHasBeenAddedToLibrary": "{0} foi engadido a túa libraría multimedia",
    "TasksLibraryCategory": "Libraría",
    "TasksMaintenanceCategory": "Mantemento",
    "VersionNumber": "Versión {0}",
    "UserPolicyUpdatedWithName": "A política de usuario foi actualizada para {0}",
    "UserPasswordChangedWithName": "Cambiouse o contrasinal para o usuario {0}",
    "UserOnlineFromDevice": "{0} está en liña desde {1}",
    "UserOfflineFromDevice": "{0} desconectouse desde {1}",
    "TaskOptimizeDatabaseDescription": "Compacta e libera o espazo libre da base de datos. Executar esta tarefa logo de realizar mudanzas que impliquen modificacións da base de datos ou despois de escanear a biblioteca pode traer mellorías de desempeño.",
    "TaskOptimizeDatabase": "Optimizar base de datos",
    "TaskKeyframeExtractorDescription": "Extrae fragmentos do vídeo para crear listas de reprodución HLS máis precisas. Podería levarlle bastante tempo.",
    "External": "Externo",
    "HearingImpaired": "Problemas de audición",
    "TaskKeyframeExtractor": "Extractor de fragmentos"
}
