{
    "Albums": "Album",
    "AuthenticationSucceededWithUserName": "{0} berhasil diautentikasi",
    "AppDeviceValues": "Aplikasi : {0}, Perangkat : {1}",
    "LabelRunningTimeValue": "Waktu berjalan: {0}",
    "MessageApplicationUpdatedTo": "Jellyfin Server sudah diperbarui ke {0}",
    "MessageApplicationUpdated": "Jellyfin Server sudah diperbarui",
    "Latest": "Terbaru",
    "LabelIpAddressValue": "Alamat IP: {0}",
    "ItemRemovedWithName": "{0} sudah dihapus dari pustaka",
    "ItemAddedWithName": "{0} telah dimasukkan ke dalam pustaka",
    "Inherit": "Warisi",
    "HomeVideos": "Video Rumahan",
    "HeaderRecordingGroups": "Grup Rekaman",
    "HeaderNextUp": "Selanjutnya",
    "HeaderLiveTV": "Siaran langsung",
    "HeaderFavoriteSongs": "Lagu Favorit",
    "HeaderFavoriteShows": "Tayangan Favorit",
    "HeaderFavoriteEpisodes": "Episode Favorit",
    "HeaderFavoriteArtists": "Artis Favorit",
    "HeaderFavoriteAlbums": "Album Favorit",
    "HeaderContinueWatching": "Lanjut Menonton",
    "HeaderAlbumArtists": "Album Artis",
    "Genres": "Aliran",
    "Folders": "Folder",
    "Favorites": "Favorit",
    "Collections": "Koleksi",
    "Books": "Buku",
    "Artists": "Artis",
    "Application": "Aplikasi",
    "ChapterNameValue": "Bagian {0}",
    "Channels": "Saluran",
    "TvShows": "Seri TV",
    "SubtitleDownloadFailureFromForItem": "Subtitel gagal diunduh dari {0} untuk {1}",
    "StartupEmbyServerIsLoading": "Server Jellyfin sedang dimuat. Silakan coba lagi nanti.",
    "Songs": "Lagu",
    "Playlists": "Daftar putar",
    "NotificationOptionPluginUninstalled": "Plugin dihapus",
    "MusicVideos": "Video Musik",
    "VersionNumber": "Versi {0}",
    "ValueSpecialEpisodeName": "Spesial - {0}",
    "ValueHasBeenAddedToLibrary": "{0} telah ditambahkan ke pustaka media Anda",
    "UserStoppedPlayingItemWithValues": "{0} telah selesai memutar {1} pada {2}",
    "UserStartedPlayingItemWithValues": "{0} sedang memutar {1} pada {2}",
    "UserPolicyUpdatedWithName": "Kebijakan pengguna telah diperbarui untuk {0}",
    "UserPasswordChangedWithName": "Kata sandi telah diubah untuk pengguna {0}",
    "UserOnlineFromDevice": "{0} sedang daring dari {1}",
    "UserOfflineFromDevice": "{0} telah terputus dari {1}",
    "UserLockedOutWithName": "Pengguna {0} telah dikunci",
    "UserDownloadingItemWithValues": "{0} sedang mengunduh {1}",
    "UserDeletedWithName": "Pengguna {0} telah dihapus",
    "UserCreatedWithName": "Pengguna {0} telah dibuat",
    "User": "Pengguna",
    "System": "Sistem",
    "Sync": "Sinkron",
    "Shows": "Tayangan",
    "ServerNameNeedsToBeRestarted": "{0} perlu dimuat ulang",
    "ScheduledTaskStartedWithName": "{0} dimulai",
    "ScheduledTaskFailedWithName": "{0} gagal",
    "ProviderValue": "Penyedia: {0}",
    "PluginUpdatedWithName": "{0} telah diperbarui",
    "PluginInstalledWithName": "{0} telah dipasang",
    "Plugin": "Plugin",
    "Photos": "Foto",
    "NotificationOptionUserLockedOut": "Pengguna terkunci",
    "NotificationOptionTaskFailed": "Kegagalan tugas terjadwal",
    "NotificationOptionServerRestartRequired": "Muat ulang server dibutuhkan",
    "NotificationOptionPluginUpdateInstalled": "Pembaruan plugin terpasang",
    "NotificationOptionPluginInstalled": "Plugin terpasang",
    "NotificationOptionPluginError": "Kegagalan plugin",
    "NotificationOptionNewLibraryContent": "Konten baru ditambahkan",
    "NotificationOptionInstallationFailed": "Kegagalan pemasangan",
    "NotificationOptionCameraImageUploaded": "Gambar kamera terunggah",
    "NotificationOptionApplicationUpdateInstalled": "Pembaruan aplikasi terpasang",
    "NotificationOptionApplicationUpdateAvailable": "Pembaruan aplikasi tersedia",
    "NewVersionIsAvailable": "Versi baru dari Jellyfin Server sudah tersedia untuk diunduh.",
    "NameSeasonUnknown": "Musim tak diketahui",
    "NameSeasonNumber": "Musim {0}",
    "NameInstallFailed": "{0} penginstalan gagal",
    "Music": "Musik",
    "Movies": "Film",
    "MessageServerConfigurationUpdated": "Konfigurasi server telah diperbarui",
    "MessageNamedServerConfigurationUpdatedWithValue": "Bagian konfigurasi server {0} telah diperbarui",
    "FailedLoginAttemptWithUserName": "Gagal upaya login dari {0}",
    "CameraImageUploadedFrom": "Sebuah gambar kamera baru telah diunggah dari {0}",
    "DeviceOfflineWithName": "{0} telah terputus",
    "DeviceOnlineWithName": "{0} telah terhubung",
    "NotificationOptionVideoPlaybackStopped": "Pemutaran video berhenti",
    "NotificationOptionVideoPlayback": "Pemutaran video dimulai",
    "NotificationOptionAudioPlaybackStopped": "Pemutaran audio berhenti",
    "NotificationOptionAudioPlayback": "Pemutaran audio dimulai",
    "MixedContent": "Konten campuran",
    "PluginUninstalledWithName": "{0} telah dihapus",
    "TaskRefreshChapterImagesDescription": "Membuat gambar mini untuk video yang memiliki bagian.",
    "TaskRefreshChapterImages": "Ekstrak Gambar Bagian",
    "TaskCleanCacheDescription": "Menghapus file cache yang tidak lagi dibutuhkan oleh sistem.",
    "TaskCleanCache": "Bersihkan Cache Direktori",
    "TasksLibraryCategory": "Pustaka",
    "TasksMaintenanceCategory": "Perbaikan",
    "TasksApplicationCategory": "Aplikasi",
    "TaskRefreshPeopleDescription": "Memperbarui metadata untuk aktor dan sutradara di pustaka media Anda.",
    "TaskRefreshLibraryDescription": "Memindai Pustaka media Anda untuk mencari file baru dan memperbarui metadata.",
    "TasksChannelsCategory": "Saluran Online",
    "TaskDownloadMissingSubtitlesDescription": "Mencari di internet untuk subtitle yang hilang berdasarkan konfigurasi metadata.",
    "TaskDownloadMissingSubtitles": "Unduh subtitle yang hilang",
    "TaskRefreshChannelsDescription": "Segarkan informasi saluran internet.",
    "TaskRefreshChannels": "Segarkan Saluran",
    "TaskCleanTranscodeDescription": "Menghapus file transcode yang berumur lebih dari satu hari.",
    "TaskCleanTranscode": "Bersihkan Direktori Transcode",
    "TaskUpdatePluginsDescription": "Unduh dan instal pembaruan untuk plugin yang dikonfigurasi untuk memperbarui secara otomatis.",
    "TaskUpdatePlugins": "Perbarui Plugin",
    "TaskRefreshPeople": "Muat ulang Orang",
    "TaskCleanLogsDescription": "Menghapus file log yang lebih dari {0} hari.",
    "TaskCleanLogs": "Bersihkan Log Direktori",
    "TaskRefreshLibrary": "Pindai Pustaka Media",
    "TaskCleanActivityLogDescription": "Menghapus log aktivitas yang lebih tua dari umur yang dikonfigurasi.",
    "TaskCleanActivityLog": "Bersihkan Log Aktivitas",
    "Undefined": "Tidak terdefinisi",
    "Forced": "Dipaksa",
    "Default": "Bawaan",
    "TaskOptimizeDatabaseDescription": "Rapihkan basis data dan membersihkan ruang kosong. Menjalankan tugas ini setelah memindai pustaka atau melakukan perubahan lain yang menyiratkan modifikasi basis data dapat meningkatkan kinerja.",
    "TaskOptimizeDatabase": "Optimalkan basis data",
    "TaskKeyframeExtractorDescription": "Ekstrak bingkai utama dari file video untuk membuat daftar putar HLS yang lebih tepat. Tugas ini dapat berjalan untuk waktu yang lama.",
    "TaskKeyframeExtractor": "Ekstraktor Bingkai Utama",
    "External": "Luar",
    "HearingImpaired": "Gangguan Pendengaran",
    "TaskRefreshTrickplayImages": "Hasilkan Gambar Trickplay",
    "TaskRefreshTrickplayImagesDescription": "Buat pratinjau trickplay untuk video di perpustakaan yang diaktifkan.",
    "TaskAudioNormalizationDescription": "Pindai file untuk data normalisasi audio.",
    "TaskAudioNormalization": "Normalisasi Audio",
    "TaskCleanCollectionsAndPlaylists": "Bersihkan koleksi dan daftar putar",
    "TaskCleanCollectionsAndPlaylistsDescription": "Menghapus item dari koleksi dan daftar putar yang sudah tidak ada."
}
