{
    "Albums": "Album",
    "AppDeviceValues": "App: {0}, Dispositivo: {1}",
    "Application": "Applicazione",
    "Artists": "Artisti",
    "AuthenticationSucceededWithUserName": "{0} autenticato con successo",
    "Books": "Libri",
    "CameraImageUploadedFrom": "È stata caricata una nuova fotografia da {0}",
    "Channels": "Canali",
    "ChapterNameValue": "Capitolo {0}",
    "Collections": "Collezioni",
    "DeviceOfflineWithName": "{0} si è disconnesso",
    "DeviceOnlineWithName": "{0} è connesso",
    "FailedLoginAttemptWithUserName": "Tentativo di accesso fallito da {0}",
    "Favorites": "Preferiti",
    "Folders": "Cartelle",
    "Genres": "Generi",
    "HeaderAlbumArtists": "Artisti dell'album",
    "HeaderContinueWatching": "Continua a guardare",
    "HeaderFavoriteAlbums": "Album Preferiti",
    "HeaderFavoriteArtists": "Artisti Preferiti",
    "HeaderFavoriteEpisodes": "Episodi Preferiti",
    "HeaderFavoriteShows": "Serie TV Preferite",
    "HeaderFavoriteSongs": "Brani Preferiti",
    "HeaderLiveTV": "Diretta TV",
    "HeaderNextUp": "Prossimo",
    "HeaderRecordingGroups": "Gruppi di Registrazione",
    "HomeVideos": "Video Personali",
    "Inherit": "Eredita",
    "ItemAddedWithName": "{0} è stato aggiunto alla libreria",
    "ItemRemovedWithName": "{0} è stato rimosso dalla libreria",
    "LabelIpAddressValue": "Indirizzo IP: {0}",
    "LabelRunningTimeValue": "Durata: {0}",
    "Latest": "Novità",
    "MessageApplicationUpdated": "Il Server Jellyfin è stato aggiornato",
    "MessageApplicationUpdatedTo": "Jellyfin Server è stato aggiornato a {0}",
    "MessageNamedServerConfigurationUpdatedWithValue": "La sezione {0} della configurazione server è stata aggiornata",
    "MessageServerConfigurationUpdated": "La configurazione del server è stata aggiornata",
    "MixedContent": "Contenuto misto",
    "Movies": "Film",
    "Music": "Musica",
    "MusicVideos": "Video Musicali",
    "NameInstallFailed": "{0} installazione fallita",
    "NameSeasonNumber": "Stagione {0}",
    "NameSeasonUnknown": "Stagione sconosciuta",
    "NewVersionIsAvailable": "Una nuova versione di Jellyfin Server è disponibile per il download.",
    "NotificationOptionApplicationUpdateAvailable": "Aggiornamento dell'applicazione disponibile",
    "NotificationOptionApplicationUpdateInstalled": "Aggiornamento dell'applicazione installato",
    "NotificationOptionAudioPlayback": "La riproduzione audio è iniziata",
    "NotificationOptionAudioPlaybackStopped": "La riproduzione audio è stata interrotta",
    "NotificationOptionCameraImageUploaded": "Immagine fotocamera caricata",
    "NotificationOptionInstallationFailed": "Installazione fallita",
    "NotificationOptionNewLibraryContent": "Nuovo contenuto aggiunto",
    "NotificationOptionPluginError": "Errore del plugin",
    "NotificationOptionPluginInstalled": "Plugin installato",
    "NotificationOptionPluginUninstalled": "Plugin disinstallato",
    "NotificationOptionPluginUpdateInstalled": "Aggiornamento plugin installato",
    "NotificationOptionServerRestartRequired": "Riavvio del server necessario",
    "NotificationOptionTaskFailed": "Operazione pianificata fallita",
    "NotificationOptionUserLockedOut": "Utente bloccato",
    "NotificationOptionVideoPlayback": "La riproduzione video è iniziata",
    "NotificationOptionVideoPlaybackStopped": "La riproduzione video è stata interrotta",
    "Photos": "Foto",
    "Playlists": "Playlist",
    "Plugin": "Plugin",
    "PluginInstalledWithName": "{0} è stato Installato",
    "PluginUninstalledWithName": "{0} è stato disinstallato",
    "PluginUpdatedWithName": "{0} è stato aggiornato",
    "ProviderValue": "Provider: {0}",
    "ScheduledTaskFailedWithName": "{0} fallito",
    "ScheduledTaskStartedWithName": "{0} avviato",
    "ServerNameNeedsToBeRestarted": "{0} deve essere riavviato",
    "Shows": "Serie TV",
    "Songs": "Brani",
    "StartupEmbyServerIsLoading": "Jellyfin server si sta avviando. Per favore riprova più tardi.",
    "SubtitleDownloadFailureForItem": "Impossibile scaricare i sottotitoli per {0}",
    "SubtitleDownloadFailureFromForItem": "Impossibile scaricare i sottotitoli da {0} per {1}",
    "Sync": "Sincronizza",
    "System": "Sistema",
    "TvShows": "Serie TV",
    "User": "Utente",
    "UserCreatedWithName": "L'utente {0} è stato creato",
    "UserDeletedWithName": "L'utente {0} è stato rimosso",
    "UserDownloadingItemWithValues": "{0} sta scaricando {1}",
    "UserLockedOutWithName": "L'utente {0} è stato bloccato",
    "UserOfflineFromDevice": "{0} si è disconnesso da {1}",
    "UserOnlineFromDevice": "{0} è online su {1}",
    "UserPasswordChangedWithName": "La password è stata cambiata per l'utente {0}",
    "UserPolicyUpdatedWithName": "La policy dell'utente è stata aggiornata per {0}",
    "UserStartedPlayingItemWithValues": "{0} ha avviato la riproduzione di {1} su {2}",
    "UserStoppedPlayingItemWithValues": "{0} ha interrotto la riproduzione di {1} su {2}",
    "ValueHasBeenAddedToLibrary": "{0} è stato aggiunto alla tua libreria multimediale",
    "ValueSpecialEpisodeName": "Speciale - {0}",
    "VersionNumber": "Versione {0}",
    "TaskRefreshChannelsDescription": "Aggiorna le informazioni dei canali internet.",
    "TaskDownloadMissingSubtitlesDescription": "Cerca su internet i sottotitoli mancanti basandosi sulle configurazioni dei metadati.",
    "TaskDownloadMissingSubtitles": "Scarica i sottotitoli mancanti",
    "TaskRefreshChannels": "Aggiorna canali",
    "TaskCleanTranscodeDescription": "Cancella i file di transcodifica più vecchi di un giorno.",
    "TaskCleanTranscode": "Svuota la cartella della transcodifica",
    "TaskUpdatePluginsDescription": "Scarica e installa gli aggiornamenti per i plugin configurati per l'aggiornamento automatico.",
    "TaskUpdatePlugins": "Aggiorna i plugin",
    "TaskRefreshPeopleDescription": "Aggiorna i metadati degli attori e registi nella tua libreria.",
    "TaskRefreshPeople": "Aggiorna Persone",
    "TaskCleanLogsDescription": "Rimuovi i file di log più vecchi di {0} giorni.",
    "TaskCleanLogs": "Pulisci la cartella dei log",
    "TaskRefreshLibraryDescription": "Scansiona la libreria alla ricerca di nuovi file e aggiorna i metadati.",
    "TaskRefreshLibrary": "Scansione della libreria",
    "TaskRefreshChapterImagesDescription": "Crea le miniature per i video che hanno capitoli.",
    "TaskRefreshChapterImages": "Estrai immagini capitolo",
    "TaskCleanCacheDescription": "Cancella i file di cache non più necessari al sistema.",
    "TaskCleanCache": "Pulisci la cartella della cache",
    "TasksChannelsCategory": "Canali su Internet",
    "TasksApplicationCategory": "Applicazione",
    "TasksLibraryCategory": "Libreria",
    "TasksMaintenanceCategory": "Manutenzione",
    "TaskCleanActivityLog": "Attività di Registro Completate",
    "TaskCleanActivityLogDescription": "Elimina le voci del registro delle attività più vecchie dell’età configurata.",
    "Undefined": "Non Definito",
    "Forced": "Forzato",
    "Default": "Predefinito",
    "TaskOptimizeDatabaseDescription": "Compatta database e tronca spazi liberi. Eseguire questa azione dopo la scansione o dopo aver fatto altre modifiche inerenti il database potrebbe aumentarne le prestazioni.",
    "TaskOptimizeDatabase": "Ottimizza database",
    "TaskKeyframeExtractor": "Estrattore di Keyframe",
    "TaskKeyframeExtractorDescription": "Estrae i keyframe dai video per creare migliori playlist HLS. Questa procedura potrebbe richiedere molto tempo.",
    "External": "Esterno",
    "HearingImpaired": "Non Udenti",
    "TaskRefreshTrickplayImages": "Genera immagini Trickplay",
    "TaskRefreshTrickplayImagesDescription": "Crea anteprime trickplay per i video nelle librerie abilitate.",
    "TaskCleanCollectionsAndPlaylists": "Ripulire le collezioni e le playlist",
    "TaskCleanCollectionsAndPlaylistsDescription": "Rimuove gli elementi dalle collezioni e dalle playlist che non esistono più.",
    "TaskAudioNormalization": "Normalizzazione dell'audio",
    "TaskAudioNormalizationDescription": "Scansiona i file alla ricerca dei dati per la normalizzazione dell'audio.",
    "TaskDownloadMissingLyricsDescription": "Scarica testi per le canzoni",
    "TaskDownloadMissingLyrics": "Scarica testi mancanti",
    "TaskMoveTrickplayImages": "Sposta le immagini Trickplay",
    "TaskMoveTrickplayImagesDescription": "Sposta le immagini Trickplay esistenti secondo la configurazione della libreria.",
    "TaskExtractMediaSegmentsDescription": "contenuti"
}
