{
    "Albums": "Älbomdar",
    "AppDeviceValues": "Qoldanba: {0}, Qūrylğy: {1}",
    "Application": "Qoldanba",
    "Artists": "Oryndauşylar",
    "AuthenticationSucceededWithUserName": "{0} tüpnūsqalyq rastaluy sättı aiaqtaldy",
    "Books": "Kıtaptar",
    "CameraImageUploadedFrom": "{0} kamerasynan jaña suret jüktep salyndy",
    "Channels": "Arnalar",
    "ChapterNameValue": "{0}-sahna",
    "Collections": "Jiyntyqtar",
    "DeviceOfflineWithName": "{0} ajyratylğan",
    "DeviceOnlineWithName": "{0} qosylğan",
    "FailedLoginAttemptWithUserName": "{0} tarapynan kıru äreketı sätsız aiaqtaldy",
    "Favorites": "Tañdaulylar",
    "Folders": "Qaltalar",
    "Genres": "Janrlar",
    "HeaderAlbumArtists": "Älbom oryndauşylary",
    "HeaderContinueWatching": "Qaraudy jalğastyru",
    "HeaderFavoriteAlbums": "Tañdauly älbomdar",
    "HeaderFavoriteArtists": "Tañdauly oryndauşylar",
    "HeaderFavoriteEpisodes": "Tañdauly telebölımder",
    "HeaderFavoriteShows": "Tañdauly körsetımder",
    "HeaderFavoriteSongs": "Tañdauly äuender",
    "HeaderLiveTV": "Efir",
    "HeaderNextUp": "Kezektı",
    "HeaderRecordingGroups": "Jazba toptary",
    "HomeVideos": "Üilık beineler",
    "Inherit": "İelenu",
    "ItemAddedWithName": "{0} tasyğyşhanağa üstelindı",
    "ItemRemovedWithName": "{0} tasyğyşhanadan alastaldy",
    "LabelIpAddressValue": "IP-mekenjaiy: {0}",
    "LabelRunningTimeValue": "Oinatu uaqyty: {0}",
    "Latest": "Eñ keiıngı",
    "MessageApplicationUpdated": "Jellyfin Serverı jañartyldy",
    "MessageApplicationUpdatedTo": "Jellyfin Serverı {0} nūsqasyna jañartyldy",
    "MessageNamedServerConfigurationUpdatedWithValue": "Server teñşelımderınıñ {0} bölımı jañartyldy",
    "MessageServerConfigurationUpdated": "Server teñşelımderı jañartyldy",
    "MixedContent": "Aralas mazmūn",
    "Movies": "Filmder",
    "Music": "Muzyka",
    "MusicVideos": "Muzykalyq beineler",
    "NameInstallFailed": "{0} ornatyluy sätsız",
    "NameSeasonNumber": "{0}-mausym",
    "NameSeasonUnknown": "Belgısız mausym",
    "NewVersionIsAvailable": "Jaña Jellyfin Server nūsqasy jüktep aluğa qoljetımdı.",
    "NotificationOptionApplicationUpdateAvailable": "Qoldanba jañartuy qoljetımdı",
    "NotificationOptionApplicationUpdateInstalled": "Qoldanba jañartuy ornatyldy",
    "NotificationOptionAudioPlayback": "Dybys oinatuy bastaldy",
    "NotificationOptionAudioPlaybackStopped": "Dybys oinatuy toqtatyldy",
    "NotificationOptionCameraImageUploaded": "Kameradan fotosuret jüktep salynğan",
    "NotificationOptionInstallationFailed": "Ornatu sätsızdıgı",
    "NotificationOptionNewLibraryContent": "Jaña mazmūn üstelıngen",
    "NotificationOptionPluginError": "Plagin sätsızdıgı",
    "NotificationOptionPluginInstalled": "Plagin ornatyldy",
    "NotificationOptionPluginUninstalled": "Plagin ornatuy boldyrylmady",
    "NotificationOptionPluginUpdateInstalled": "Plagin jañartuy ornatyldy",
    "NotificationOptionServerRestartRequired": "Serverdı qaita ıske qosu qajet",
    "NotificationOptionTaskFailed": "Josparlağan tapsyrma sätsızdıgı",
    "NotificationOptionUserLockedOut": "Paidalanuşy qūrsauly",
    "NotificationOptionVideoPlayback": "Beine oinatuy bastaldy",
    "NotificationOptionVideoPlaybackStopped": "Beine oinatuy toqtatyldy",
    "Photos": "Fotosuretter",
    "Playlists": "Oinatu tızımderı",
    "Plugin": "Plagin",
    "PluginInstalledWithName": "{0} ornatyldy",
    "PluginUninstalledWithName": "{0} joiyldy",
    "PluginUpdatedWithName": "{0} jañartyldy",
    "ProviderValue": "Jetkızuşı: {0}",
    "ScheduledTaskFailedWithName": "{0} sätsız",
    "ScheduledTaskStartedWithName": "{0} ıske qosyldy",
    "ServerNameNeedsToBeRestarted": "{0} qaita ıske qosu qajet",
    "Shows": "Körsetımder",
    "Songs": "Äuender",
    "StartupEmbyServerIsLoading": "Jellyfin Server jüktelude. Ärekettı köp ūzamai qaitalañyz.",
    "SubtitleDownloadFailureForItem": "Субтитрлер {0} үшін жүктеліп алынуы сәтсіз",
    "SubtitleDownloadFailureFromForItem": "{1} üşın subtitrlerdı {0} közınen jüktep alu sätsız",
    "Sync": "Ündestıru",
    "System": "Jüie",
    "TvShows": "TD-körsetımder",
    "User": "Paidalanuşy",
    "UserCreatedWithName": "Paidalanuşy {0} jasalğan",
    "UserDeletedWithName": "Paidalanuşy {0} joiylğan",
    "UserDownloadingItemWithValues": "{0} — {1} jüktep aluda",
    "UserLockedOutWithName": "Paidalanuşy {0} qūrsaulanğan",
    "UserOfflineFromDevice": "{0} — {1} tarapynan ajyratyldy",
    "UserOnlineFromDevice": "{0} — {1} tarapynan qosyldy",
    "UserPasswordChangedWithName": "Paidalanuşy {0} üşın paröl özgertıldı",
    "UserPolicyUpdatedWithName": "Paidalanuşy {0} üşın saiasattary jañartyldy",
    "UserStartedPlayingItemWithValues": "{0} — {2} tarapynan {1} oinatuda",
    "UserStoppedPlayingItemWithValues": "{0} — {2} tarapynan {1} oinatuyn toqtatty",
    "ValueHasBeenAddedToLibrary": "{0} tasyğyşhanağa üstelındı",
    "ValueSpecialEpisodeName": "Arnaiy - {0}",
    "VersionNumber": "Nūsqasy {0}",
    "Default": "Ädepkı",
    "TaskDownloadMissingSubtitles": "Joq subtitrlerdı jüktep alu",
    "TaskRefreshChannels": "Arnalardy jañğyrtu",
    "TaskCleanTranscode": "Qaita kodtau katalogyn tazalau",
    "TaskUpdatePlugins": "Plaginderdı jañartu",
    "TaskRefreshPeople": "Adamdardy jañğyrtu",
    "TaskCleanLogs": "Jūrnal katalogyn tazalau",
    "TaskRefreshLibrary": "Tasyğyşhanany skanerleu",
    "TaskRefreshChapterImages": "Sahna suretterın şyğaryp alu",
    "TaskCleanCache": "Keş katalogyn tazalau",
    "TaskCleanActivityLog": "Äreket jūrnalyn tazalau",
    "TasksChannelsCategory": "Internet-arnalar",
    "TasksApplicationCategory": "Qoldanba",
    "TasksLibraryCategory": "Tasyğyşhana",
    "TasksMaintenanceCategory": "Qyzmet körsetu",
    "Undefined": "Anyqtalmağan",
    "Forced": "Mäjbürlı",
    "TaskDownloadMissingSubtitlesDescription": "Metaderekter teñşelımderı negızınde joq subtitrlerdı İnternetten ızdeidı.",
    "TaskRefreshChannelsDescription": "Internet-arnalar mälımetterın jañğyrtady.",
    "TaskCleanTranscodeDescription": "Bіr künnen asqan qaita kodtau faildaryn joiady.",
    "TaskUpdatePluginsDescription": "Avtomatty türde jañartuğa teñşelgen plaginder üşın jañartulardy jüktep alady jäne ornatady.",
    "TaskRefreshPeopleDescription": "Tasyğyşhanadağy aktörler men rejisörler metaderekterın jañartady.",
    "TaskCleanLogsDescription": "{0} künnen asqan jūrnal faildaryn joiady.",
    "TaskRefreshLibraryDescription": "Tasyğyşhanadağy jaña faildardy skanerleidі jäne metaderekterdı jañğyrtady.",
    "TaskRefreshChapterImagesDescription": "Sahnalary bar beineler üşın nobailar jasaidy.",
    "TaskCleanCacheDescription": "Jüiede qajet emes keştelgen faildardy joiady.",
    "TaskCleanActivityLogDescription": "Äreket jūrnalyndağy teñşelgen jasynan asqan jazbalary joiady.",
    "TaskOptimizeDatabaseDescription": "Derekqordy qysyp, bos oryndy qysqartady. Būl tapsyrmany tasyğyşhanany skanerlegennen keiın nemese derekqorğa meñzeitın basqa özgertuler ıstelgennen keiın oryndau önımdılıktı damytuy mümkın.",
    "TaskOptimizeDatabase": "Derekqordy oñtailandyru",
    "TaskKeyframeExtractorDescription": "Naqtyraq HLS oynatu tızımderın jasau üşın beinefaildardan negızgı kadrlardy şyğarady. Būl tapsyrma ūzaq uaqytqa sozyluy mümkın.",
    "TaskKeyframeExtractor": "Negızgı kadrlardy şyğaru",
    "External": "Syrtqy",
    "TaskRefreshTrickplayImagesDescription": "Іске қосылған кітапханалардағы бейнелер үшін Trickplay алдын ала түрінде көрсетілімді жасайды.",
    "TaskRefreshTrickplayImages": "Trickplay үшін суреттерді жасау",
    "HearingImpaired": "Есту қабілеті нашарға"
}
