{
    "Albums": "អាលប៊ុម",
    "MessageApplicationUpdatedTo": "ម៉ាស៊ីនមេនៃJellyfinត្រូវបានអាប់ដេតទៅកាន់ {0}",
    "MessageNamedServerConfigurationUpdatedWithValue": "ការកំណត់ម៉ាស៊ីនមេ ផ្នែក {0} ត្រូវបានអាប់ដេត",
    "MessageServerConfigurationUpdated": "ការកំណត់ម៉ាស៊ីនមេត្រូវបានអាប់ដេត",
    "AppDeviceValues": "កម្មវិធី: {0}, ឧបករណ៍: {1}",
    "MixedContent": "មាតិកាចម្រុះ",
    "UserLockedOutWithName": "អ្នកប្រើប្រាស់ {0} ត្រូវ​បាន​ផ្អាក",
    "Application": "កម្មវិធី",
    "Artists": "សិល្បករ",
    "AuthenticationSucceededWithUserName": "{0} បានផ្ទៀងផ្ទាត់ដោយជោគជ័យ",
    "Books": "សៀវភៅ",
    "NameSeasonNumber": "រដូវកាលទី {0}",
    "NotificationOptionPluginInstalled": "Plugin បានដំឡើងរួច",
    "CameraImageUploadedFrom": "រូបភាពកាមេរ៉ាថ្មីត្រូវបានបង្ហោះពី {0}",
    "Channels": "ប៉ុស្ត៍",
    "ChapterNameValue": "ជំពូក {0}",
    "Collections": "បណ្តុំ",
    "External": "ខាងក្រៅ",
    "Default": "លំនាំដើម",
    "NotificationOptionInstallationFailed": "ការដំឡើងមិនបានសម្រេច",
    "DeviceOfflineWithName": "{0} បានផ្តាច់",
    "Folders": "ថតឯកសារ",
    "DeviceOnlineWithName": "{0} បានភ្ចាប់",
    "HearingImpaired": "ខ្សោយការស្តាប់",
    "HomeVideos": "វីឌីអូថតខ្លួនឯង",
    "Favorites": "ចំណូលចិត្ត",
    "HeaderFavoriteEpisodes": "ភាគដែលចូលចិត្ត",
    "Forced": "បង្ខំ",
    "Genres": "ប្រភេទ",
    "HeaderFavoriteArtists": "សិល្បករដែលចូលចិត្ត",
    "NotificationOptionApplicationUpdateAvailable": "កម្មវិធី យើងអាចអាប់ដេតបាន",
    "NotificationOptionApplicationUpdateInstalled": "កម្មវិធី ដែលបានដំឡើងរួច",
    "NotificationOptionAudioPlaybackStopped": "ការ​ចាក់សម្លេងបានផ្អាក",
    "HeaderContinueWatching": "បន្តមើល",
    "HeaderFavoriteAlbums": "អាល់ប៊ុមដែលចូលចិត្ត",
    "HeaderFavoriteShows": "រឿងភាគដែលចូលចិត្ត",
    "NewVersionIsAvailable": "មានជំនាន់ថ្មី ម៉ាស៊ីនមេJellyfin អាចទាញយកបាន.",
    "HeaderAlbumArtists": "សិល្បករអាល់ប៊ុម",
    "NotificationOptionCameraImageUploaded": "រូបភាពពីកាំមេរ៉ាបានអាប់ឡូតរួច",
    "HeaderFavoriteSongs": "ចម្រៀងដែលចូលចិត្ត",
    "HeaderNextUp": "បន្ទាប់",
    "HeaderLiveTV": "ទូរទស្សន៍ផ្សាយផ្ទាល់",
    "Movies": "រឿង",
    "HeaderRecordingGroups": "ក្រុមនៃការថត",
    "Music": "តន្ត្រី",
    "Inherit": "មរតក",
    "MusicVideos": "វីដេអូតន្ត្រី",
    "NameInstallFailed": "{0} ការដំឡើងបានបរាជ័យ",
    "NotificationOptionNewLibraryContent": "មាតិកាថ្មីៗត្រូវបានបន្ថែម",
    "ItemAddedWithName": "{0} ត្រូវបានបន្ថែមទៅបណ្ណាល័យ",
    "NameSeasonUnknown": "រដូវកាលមិនច្បាស់លាស់",
    "ItemRemovedWithName": "{0} ត្រូវបានដកចេញពីបណ្ណាល័យ",
    "LabelIpAddressValue": "លេខ IP: {0}",
    "LabelRunningTimeValue": "ពេលវេលាកំពុងដំណើរការ: {0}",
    "Latest": "ចុងក្រោយ",
    "NotificationOptionAudioPlayback": "ការ​ចាក់​សំឡេង​បាន​ចាប់ផ្ដើម",
    "NotificationOptionPluginError": "Plugin មិនដំណើរការ",
    "NotificationOptionPluginUninstalled": "Plugin បានលុបចេញរួច",
    "MessageApplicationUpdated": "ម៉ាស៊ីនមេនៃJellyfinត្រូវបានអាប់ដេត",
    "NotificationOptionPluginUpdateInstalled": "Plugin អាប់ដេតបានដំឡើងរួច",
    "NotificationOptionUserLockedOut": "អ្នកប្រើប្រាស់ត្រូវបានជាប់គាំង",
    "NotificationOptionServerRestartRequired": "តម្រូវឱ្យចាប់ផ្ដើមម៉ាស៊ីនមេឡើងវិញ",
    "Photos": "រូបថត",
    "Playlists": "បញ្ជីចាក់",
    "Plugin": "Plugin",
    "PluginInstalledWithName": "{0} ត្រូវបានដំឡើង",
    "NotificationOptionTaskFailed": "កិច្ចការដែលបានគ្រោងទុកបានបរាជ័យ",
    "PluginUpdatedWithName": "{0} ត្រូវបានអាប់ដេត",
    "NotificationOptionVideoPlayback": "ការចាក់វីដេអូបានចាប់ផ្តើម",
    "Songs": "ចម្រៀង",
    "ScheduledTaskStartedWithName": "{0} បានចាប់ផ្តើម",
    "NotificationOptionVideoPlaybackStopped": "ការ​ចាក់​វីដេអូ​បាន​បញ្ឈប់",
    "PluginUninstalledWithName": "{0} ត្រូវបានលុបចេញ",
    "Shows": "រឿងភាគ",
    "ProviderValue": "អ្នកផ្តល់សេវា: {0}",
    "SubtitleDownloadFailureFromForItem": "សាប់ថាយថលបានបរាជ័យក្នុងការទាញយកពី {0} នៃ {1}",
    "Sync": "ធ្វើអោយដំណាលគ្នា",
    "System": "ប្រព័ន្ធ",
    "TvShows": "កម្មវិធីទូរទស្សន៍",
    "ScheduledTaskFailedWithName": "{0} បានបរាជ័យ",
    "Undefined": "មិនបានកំណត់",
    "User": "អ្នកប្រើប្រាស់",
    "UserCreatedWithName": "អ្នកប្រើប្រាស់ {0} ត្រូវបានបង្កើតឡើង",
    "ServerNameNeedsToBeRestarted": "{0} ចាំបាច់ត្រូវចាប់ផ្តើមឡើងវិញ",
    "StartupEmbyServerIsLoading": "ម៉ាស៊ីនមេJellyfin កំពុងដំណើរការ. សូមព្យាយាមម្តងទៀតក្នុងពេលឆាប់ៗនេះ.",
    "UserDeletedWithName": "អ្នកប្រើប្រាស់ {0} ត្រូវបានលុបចេញ",
    "UserOnlineFromDevice": "{0} បានឃើញអនឡានពី {1}",
    "UserDownloadingItemWithValues": "{0} កំពុងទាញយក {1}",
    "UserOfflineFromDevice": "{0} បានផ្តាច់ចេញពី {1}",
    "UserStartedPlayingItemWithValues": "{0} កំពុងចាក់ {1} នៅលើ {2}",
    "TaskRefreshChapterImagesDescription": "បង្កើតរូបភាពតូចៗសម្រាប់វីដេអូដែលមានតាមជំពូក.",
    "VersionNumber": "កំណែ {0}",
    "TasksMaintenanceCategory": "តំហែរទាំ",
    "TasksLibraryCategory": "បណ្ណាល័យ",
    "TasksApplicationCategory": "កម្មវិធី",
    "TaskCleanActivityLog": "សម្អាតកំណត់ហេតុសកម្មភាព",
    "UserPasswordChangedWithName": "ពាក្យសម្ងាត់ត្រូវបានផ្លាស់ប្តូរសម្រាប់អ្នកប្រើប្រាស់ {0}",
    "TaskCleanCache": "សម្អាតបញ្ជីឃ្លាំងសម្ងាត់",
    "TaskRefreshChapterImages": "ដកស្រង់រូបភាពតាមជំពូក",
    "UserPolicyUpdatedWithName": "គោលការណ៍អ្នកប្រើប្រាស់ត្រូវបានធ្វើបច្ចុប្បន្នភាពសម្រាប់ {0}",
    "UserStoppedPlayingItemWithValues": "{0} បានបញ្ចប់ការចាក់ {1} នៅលើ {2}",
    "ValueHasBeenAddedToLibrary": "{0} ត្រូវបានបញ្ចូលទៅក្នុងបណ្ណាល័យរឿងរបស់អ្នក",
    "ValueSpecialEpisodeName": "ពិសេស - {0}",
    "TasksChannelsCategory": "ប៉ុស្តតាមអ៊ីនធឺណិត",
    "TaskAudioNormalization": "ធ្វើឱ្យមានតន្ត្រីមានសម្លេងស្មើគ្នា",
    "TaskCleanActivityLogDescription": "លុបកំណត់ហេតុសកម្មភាពចាស់ជាងអាយុដែលបានកំណត់រចនាសម្ព័ន្ធ.",
    "TaskCleanCacheDescription": "លុបឯកសារឃ្លាំងសម្ងាត់លែងត្រូវការដោយប្រព័ន្ធ.",
    "TaskRefreshLibraryDescription": "ស្កេនបណ្ណាល័យរឿងរបស់អ្នក សម្រាប់ឯកសារថ្មីៗ និងmetadata ឡើងវិញ.",
    "TaskCleanLogsDescription": "លុបឯកសារកំណត់ហេតុដែលមានអាយុកាលលើសពី {0} ថ្ងៃ.",
    "TaskRefreshPeopleDescription": "ធ្វើបច្ចុប្បន្នភាព metadata សម្រាប់តួសម្តែង និងអ្នកដឹកនាំនៅក្នុងបណ្ណាល័យរឿងរបស់អ្នក.",
    "TaskOptimizeDatabaseDescription": "បង្រួម Database និង Truncate free space. ដំណើរការកិច្ចការនេះ បន្ទាប់ពីការស្កេនបណ្ណាល័យ ឬធ្វើការផ្លាស់ប្តូរផ្សេងទៀត ដែលបញ្ជាក់ថា ការកែប្រែ Database អាចធ្វើឱ្យដំណើរការប្រសើរឡើង.",
    "TaskRefreshTrickplayImages": "បង្កើតបណ្តុំរូបភាពតាម Trickplay",
    "TaskRefreshTrickplayImagesDescription": "បង្កើត​ trickplay previews សម្រាប់​វីដេអូ​ក្នុង​បណ្ណាល័យ​ដែល​បានបង្ហាញ.",
    "TaskKeyframeExtractorDescription": "ស្រង់យកFrame គន្លឹះៗពីវីដេអូ ដើម្បីបង្កើតបញ្ជីចាក់ HLS ច្បាស់លាស់ជាងមុន. កិច្ចការនេះអាចនឹងដំណើរការយូរ.",
    "FailedLoginAttemptWithUserName": "បរាជ័យក្នុងការព្យាយាមចូលពី {0}",
    "TaskCleanTranscode": "សម្អាតថតឯកសារ ​Transcode",
    "TaskRefreshChannelsDescription": "Refreshes ព័ត៌មានបណ្តាញអ៊ីនធឺណិត.",
    "TaskDownloadMissingSubtitles": "ទាញយកសាប់ថាយថលដែលបាត់",
    "TaskRefreshChannels": "Refresh ឆានែល",
    "TaskKeyframeExtractor": "ការញែក Keyframe",
    "TaskAudioNormalizationDescription": "ស្កែនឯកសារសម្រាប់ធ្វើឱ្យមានតន្ត្រីមានសម្លេងស្មើគ្នា.",
    "TaskRefreshLibrary": "ស្កេនបណ្ណាល័យរឿង",
    "TaskCleanLogs": "សម្អាត Log Directory",
    "TaskRefreshPeople": "Refresh អ្នកប្រើប្រាស់",
    "TaskUpdatePlugins": "ធ្វើបច្ចុប្បន្នភាព Plugins",
    "TaskUpdatePluginsDescription": "ទាញយក និងដំឡើងបច្ចុប្បន្នភាពសម្រាប់Plugins ដែលត្រូវបាន Config ដើម្បីធ្វើបច្ចុប្បន្នភាពដោយស្វ័យប្រវត្តិ.",
    "TaskCleanTranscodeDescription": "លុបឯកសារ Transcode ដែលលើសពីមួយថ្ងៃ.",
    "TaskDownloadMissingSubtitlesDescription": "ស្វែងរកតាមអ៊ីនធឺណិត សម្រាប់សាប់ថាយថល ដែលបាត់ដោយផ្អែកលើ metadata.",
    "TaskOptimizeDatabase": "ធ្វើឱ្យ Database ប្រសើរឡើង",
    "TaskCleanCollectionsAndPlaylistsDescription": "លុបរបស់របរចេញពីបណ្តុំ និងបញ្ជីចាក់ដែលលែងមាន.",
    "TaskCleanCollectionsAndPlaylists": "សម្អាតបណ្តុំ និងបញ្ជីចាក់"
}
