{
    "ScheduledTaskFailedWithName": "{0} неуспешно",
    "ProviderValue": "Провајдер: {0}",
    "PluginUpdatedWithName": "{0} беше надоградено",
    "PluginUninstalledWithName": "{0} беше успешно деинсталирано",
    "PluginInstalledWithName": "{0} беше успешно инсталирано",
    "Plugin": "Додатоци",
    "Playlists": "Плејлисти",
    "Photos": "Слики",
    "NotificationOptionVideoPlaybackStopped": "Видео стопирано",
    "NotificationOptionVideoPlayback": "Видео пуштено",
    "NotificationOptionUserLockedOut": "Корисникот е ослободен",
    "NotificationOptionTaskFailed": "Закажани задачи неуспешно",
    "NotificationOptionServerRestartRequired": "Задолжително рестартирање на серверот",
    "NotificationOptionPluginUpdateInstalled": "Надоградба на Додаток успешна",
    "NotificationOptionPluginUninstalled": "Додаток успешно деинсталиран",
    "NotificationOptionPluginInstalled": "Додаток успешно инсталиран",
    "NotificationOptionPluginError": "Грешка на додаток",
    "NotificationOptionNewLibraryContent": "Додадена нова содржина",
    "NotificationOptionInstallationFailed": "Неуспешна Инсталација",
    "NotificationOptionCameraImageUploaded": "Слика од камера поставена",
    "NotificationOptionAudioPlaybackStopped": "Аудио стопирано",
    "NotificationOptionAudioPlayback": "Аудио стартувано",
    "NotificationOptionApplicationUpdateInstalled": "Надоградбата на Апликацијата е иснталирана",
    "NotificationOptionApplicationUpdateAvailable": "Возможна надоградба на Апликацијата",
    "NewVersionIsAvailable": "Нова верзија од Jellyfin е возможна за спуштање.",
    "NameSeasonUnknown": "Непозната Сезона",
    "NameSeasonNumber": "Сезона {0}",
    "NameInstallFailed": "{0} неуспешна инсталација",
    "MusicVideos": "Музички видеа",
    "Music": "Музика",
    "Movies": "Филмови",
    "MixedContent": "Мешана содржина",
    "MessageServerConfigurationUpdated": "Серверската конфигурација беше надградена",
    "MessageNamedServerConfigurationUpdatedWithValue": "Секцијата на конфигурација на сервер {0} беше надоградена",
    "MessageApplicationUpdatedTo": "Jellyfin беше надограден до {0}",
    "MessageApplicationUpdated": "Jellyfin Серверот беше надограден",
    "Latest": "Последно",
    "LabelRunningTimeValue": "Време на работа: {0}",
    "LabelIpAddressValue": "ИП Адреса: {0}",
    "ItemRemovedWithName": "{0} е избришано до Библиотеката",
    "ItemAddedWithName": "{0} беше додадено во Библиотеката",
    "Inherit": "Следно",
    "HomeVideos": "Домашни Видеа",
    "HeaderRecordingGroups": "Групи на снимање",
    "HeaderNextUp": "Следно",
    "HeaderLiveTV": "ТВ",
    "HeaderFavoriteSongs": "Омилени Песни",
    "HeaderFavoriteShows": "Омилени Серии",
    "HeaderFavoriteEpisodes": "Омилени Епизоди",
    "HeaderFavoriteArtists": "Омилени Изведувачи",
    "HeaderFavoriteAlbums": "Омилени Албуми",
    "HeaderContinueWatching": "Продолжи со Гледање",
    "HeaderAlbumArtists": "Изведувачи од Албуми",
    "Genres": "Жанрови",
    "Folders": "Папки",
    "Favorites": "Омилени",
    "FailedLoginAttemptWithUserName": "Неуспешен обид за најавување од {0}",
    "DeviceOnlineWithName": "{0} е приклучен",
    "DeviceOfflineWithName": "{0} се исклучи",
    "Collections": "Колекции",
    "ChapterNameValue": "Дел {0}",
    "Channels": "Канали",
    "CameraImageUploadedFrom": "Нова слика од камера беше поставена од {0}",
    "Books": "Книги",
    "AuthenticationSucceededWithUserName": "{0} успешно поврзан",
    "Artists": "Изведувачи",
    "Application": "Апликација",
    "AppDeviceValues": "Апликација: {0}, Уред: {1}",
    "Albums": "Албуми",
    "VersionNumber": "Верзија {0}",
    "ValueSpecialEpisodeName": "Специјално - {0}",
    "ValueHasBeenAddedToLibrary": "{0} е додадено во твојата библиотека",
    "UserStoppedPlayingItemWithValues": "{0} заврши со репродукција {1} во {2}",
    "UserStartedPlayingItemWithValues": "{0} пушти {1} на {2}",
    "UserPolicyUpdatedWithName": "Полисата на користење беше надоградена за {0}",
    "UserPasswordChangedWithName": "Лозинката е сменета за корисникот {0}",
    "UserOnlineFromDevice": "{0} е приклучен од {1}",
    "UserOfflineFromDevice": "{0} е дисконектиран од {1}",
    "UserLockedOutWithName": "Корисникот {0} е заклучен",
    "UserDownloadingItemWithValues": "{0} се спушта {1}",
    "UserDeletedWithName": "Корисникот {0} е избришан",
    "UserCreatedWithName": "Корисникот {0} е креиран",
    "User": "Корисник",
    "TvShows": "ТВ Серии",
    "System": "Систем",
    "Sync": "Синхронизација",
    "SubtitleDownloadFailureFromForItem": "Преводот неуспешно се спушти од {0} за {1}",
    "StartupEmbyServerIsLoading": "Jellyfin Server се пушта. Ве молиме причекајте.",
    "Songs": "Песни",
    "Shows": "Серии",
    "ServerNameNeedsToBeRestarted": "{0} треба да се рестартира",
    "ScheduledTaskStartedWithName": "{0} започна",
    "TaskRefreshChapterImages": "Извези Слики од Поглавје",
    "TaskCleanCacheDescription": "Ги брише кешираните фајлови што не се повеќе потребни од системот.",
    "TaskCleanCache": "Исчисти Го Кешот",
    "TasksChannelsCategory": "Интернет Канали",
    "TasksApplicationCategory": "Апликација",
    "TasksLibraryCategory": "Библиотека",
    "TasksMaintenanceCategory": "Одржување",
    "Undefined": "Недефинирано",
    "Forced": "Принудно",
    "Default": "Зададено",
    "TaskKeyframeExtractorDescription": "Извлекува клучни рамки од видео фајлови за да се направат попрецизни HLS плејлисти. Оваа задача може да работи многу долго време.",
    "TaskKeyframeExtractor": "Извлекувач на клучни рамки",
    "TaskOptimizeDatabaseDescription": "Компактира датабазата и смалува празното место. Извршувањето на оваа задача по скенирање на библиотеката или правење други промени што прават модификации на датабазата може да подобри перформансите.",
    "TaskOptimizeDatabase": "Оптимизирај датабаза",
    "TaskDownloadMissingSubtitlesDescription": "Пребарува интернет за преводи што недостиваат според метадата конфигурација.",
    "TaskDownloadMissingSubtitles": "Симни преводи што недостигаат",
    "TaskRefreshChannelsDescription": "Ажурирај информации за интернет канали.",
    "TaskRefreshChannels": "Ажурирај Канали",
    "TaskCleanTranscodeDescription": "Избриши транскодирани фајлови постари од еден ден.",
    "TaskCleanTranscode": "Исчисти Директориум за Транскодирање",
    "TaskUpdatePluginsDescription": "Симни и инсталирај ажурирања за плагини што се конфигурирани за автоматско ажурирање.",
    "TaskUpdatePlugins": "Ажурирај Плагини",
    "TaskRefreshPeopleDescription": "Ажурирај метадата за акери и директори во вашата медиска библиотека.",
    "TaskRefreshPeople": "Ажурирајте ги Луѓето",
    "TaskCleanLogsDescription": "Избриши лог фајлови постари од {0} денови.",
    "TaskCleanLogs": "Избриши Директориум на Логови",
    "TaskRefreshLibraryDescription": "Скенирајте ја вашата медиска библиотека за нови фајлови и ажурирај метадата.",
    "TaskRefreshLibrary": "Скенирај Медиумска Библиотека",
    "TaskRefreshChapterImagesDescription": "Создава тамбнеил за видеата шти имаат поглавја.",
    "TaskCleanActivityLogDescription": "Избришува логови на активности постари од определеното време.",
    "TaskCleanActivityLog": "Избриши Лог на Активности",
    "External": "Надворешен",
    "HearingImpaired": "Оштетен слух",
    "TaskCleanCollectionsAndPlaylists": "Исчисти ги колекциите и плејлистите",
    "TaskAudioNormalizationDescription": "Скенирање датотеки за податоци за нормализација на звукот.",
    "TaskDownloadMissingLyrics": "Преземи стихови кои недостасуваат",
    "TaskDownloadMissingLyricsDescription": "Преземи стихови/текстови за песни",
    "TaskRefreshTrickplayImages": "Генерирај слики за прегледување (Trickplay)",
    "TaskAudioNormalization": "Нормализација на звукот",
    "TaskRefreshTrickplayImagesDescription": "Креира трикплеј прегледи за видеа во овозможените библиотеки.",
    "TaskCleanCollectionsAndPlaylistsDescription": "Отстранува ставки од колекциите и плејлистите што веќе не постојат.",
    "TaskExtractMediaSegments": "Скенирање на сегменти на содржина"
}
