{
    "Albums": "Álbuns",
    "AppDeviceValues": "App: {0}, Dispositivo: {1}",
    "Application": "Aplicativo",
    "Artists": "Artistas",
    "AuthenticationSucceededWithUserName": "{0} autenticado com sucesso",
    "Books": "Livros",
    "CameraImageUploadedFrom": "Uma nova imagem da câmera foi enviada de {0}",
    "Channels": "Canais",
    "ChapterNameValue": "Capítulo {0}",
    "Collections": "Coleções",
    "DeviceOfflineWithName": "{0} se desconectou",
    "DeviceOnlineWithName": "{0} se conectou",
    "FailedLoginAttemptWithUserName": "Falha na tentativa de login de {0}",
    "Favorites": "Favoritos",
    "Folders": "Pastas",
    "Genres": "Gêneros",
    "HeaderAlbumArtists": "Artistas do Álbum",
    "HeaderContinueWatching": "Continuar assistindo",
    "HeaderFavoriteAlbums": "Álbuns Favoritos",
    "HeaderFavoriteArtists": "Artistas favoritos",
    "HeaderFavoriteEpisodes": "Episódios favoritos",
    "HeaderFavoriteShows": "Séries favoritas",
    "HeaderFavoriteSongs": "Músicas favoritas",
    "HeaderLiveTV": "TV ao Vivo",
    "HeaderNextUp": "A Seguir",
    "HeaderRecordingGroups": "Grupos de Gravação",
    "HomeVideos": "Vídeos caseiros",
    "Inherit": "Herdar",
    "ItemAddedWithName": "{0} foi adicionado à biblioteca",
    "ItemRemovedWithName": "{0} foi removido da biblioteca",
    "LabelIpAddressValue": "Endereço IP: {0}",
    "LabelRunningTimeValue": "Tempo de execução: {0}",
    "Latest": "Recentes",
    "MessageApplicationUpdated": "Servidor Jellyfin atualizado",
    "MessageApplicationUpdatedTo": "Servidor Jellyfin atualizado para {0}",
    "MessageNamedServerConfigurationUpdatedWithValue": "A seção {0} da configuração do servidor foi atualizada",
    "MessageServerConfigurationUpdated": "A configuração do servidor foi atualizada",
    "MixedContent": "Conteúdo misto",
    "Movies": "Filmes",
    "Music": "Música",
    "MusicVideos": "Videoclipes",
    "NameInstallFailed": "A instalação de {0} falhou",
    "NameSeasonNumber": "Temporada {0}",
    "NameSeasonUnknown": "Temporada Desconhecida",
    "NewVersionIsAvailable": "Uma nova versão do Servidor Jellyfin está disponível para download.",
    "NotificationOptionApplicationUpdateAvailable": "Atualização do aplicativo disponível",
    "NotificationOptionApplicationUpdateInstalled": "Atualização do aplicativo instalada",
    "NotificationOptionAudioPlayback": "Reprodução de áudio iniciada",
    "NotificationOptionAudioPlaybackStopped": "Reprodução de áudio parada",
    "NotificationOptionCameraImageUploaded": "Imagem da câmera enviada",
    "NotificationOptionInstallationFailed": "Falha na instalação",
    "NotificationOptionNewLibraryContent": "Novo conteúdo adicionado",
    "NotificationOptionPluginError": "Falha de plugin",
    "NotificationOptionPluginInstalled": "Plugin instalado",
    "NotificationOptionPluginUninstalled": "Plugin desinstalado",
    "NotificationOptionPluginUpdateInstalled": "Atualização de plugin instalada",
    "NotificationOptionServerRestartRequired": "Necessário reiniciar servidor",
    "NotificationOptionTaskFailed": "Falha na tarefa agendada",
    "NotificationOptionUserLockedOut": "Usuário bloqueado",
    "NotificationOptionVideoPlayback": "Reprodução de vídeo iniciada",
    "NotificationOptionVideoPlaybackStopped": "Reprodução de vídeo parada",
    "Photos": "Fotos",
    "Playlists": "Listas de Reprodução",
    "Plugin": "Plugin",
    "PluginInstalledWithName": "{0} foi instalado",
    "PluginUninstalledWithName": "{0} foi desinstalado",
    "PluginUpdatedWithName": "{0} foi atualizado",
    "ProviderValue": "Provedor: {0}",
    "ScheduledTaskFailedWithName": "{0} falhou",
    "ScheduledTaskStartedWithName": "{0} iniciada",
    "ServerNameNeedsToBeRestarted": "O servidor {0} precisa ser reiniciado",
    "Shows": "Séries",
    "Songs": "Músicas",
    "StartupEmbyServerIsLoading": "O Servidor Jellyfin está carregando. Por favor, tente novamente mais tarde.",
    "SubtitleDownloadFailureForItem": "Download de legendas falhou para {0}",
    "SubtitleDownloadFailureFromForItem": "Houve um problema ao baixar as legendas de {0} para {1}",
    "Sync": "Sincronizar",
    "System": "Sistema",
    "TvShows": "Séries",
    "User": "Usuário",
    "UserCreatedWithName": "O usuário {0} foi criado",
    "UserDeletedWithName": "O usuário {0} foi excluído",
    "UserDownloadingItemWithValues": "{0} está baixando {1}",
    "UserLockedOutWithName": "Usuário {0} foi bloqueado",
    "UserOfflineFromDevice": "{0} se desconectou de {1}",
    "UserOnlineFromDevice": "{0} está online em {1}",
    "UserPasswordChangedWithName": "A senha foi alterada para o usuário {0}",
    "UserPolicyUpdatedWithName": "A política de usuário foi atualizada para {0}",
    "UserStartedPlayingItemWithValues": "{0} está reproduzindo {1} em {2}",
    "UserStoppedPlayingItemWithValues": "{0} parou de reproduzir {1} em {2}",
    "ValueHasBeenAddedToLibrary": "{0} foi adicionado à sua biblioteca de mídia",
    "ValueSpecialEpisodeName": "Especial - {0}",
    "VersionNumber": "Versão {0}",
    "TaskDownloadMissingSubtitlesDescription": "Procurar na internet por legendas faltando baseado na configuração de metadados.",
    "TaskDownloadMissingSubtitles": "Baixar legendas que estão faltando",
    "TaskRefreshChannelsDescription": "Atualizar informação de canais da internet .",
    "TaskRefreshChannels": "Atualizar Canais",
    "TaskCleanTranscodeDescription": "Deletar arquivos de transcodificação com mais de um dia de criação.",
    "TaskCleanTranscode": "Limpar pasta de transcodificação",
    "TaskUpdatePluginsDescription": "Baixa e instala atualizações para plugins que estão configurados para atualizar automaticamente.",
    "TaskUpdatePlugins": "Atualizar Plugins",
    "TaskRefreshPeopleDescription": "Atualiza metadados para atores e diretores na sua biblioteca de mídia.",
    "TaskRefreshPeople": "Atualizar pessoas",
    "TaskCleanLogsDescription": "Deletar arquivos temporários com mais de {0} dias.",
    "TaskCleanLogs": "Limpar pasta de logs",
    "TaskRefreshLibraryDescription": "Escaneie a sua biblioteca de mídia para arquivos novos e atualize os metadados.",
    "TaskRefreshLibrary": "Escanear a Biblioteca de Mídia",
    "TaskRefreshChapterImagesDescription": "Criar miniaturas para vídeos que tem capítulos.",
    "TaskRefreshChapterImages": "Extrair imagens dos capítulos",
    "TaskCleanCacheDescription": "Deletar arquivos temporários que não são mais necessários para o sistema.",
    "TaskCleanCache": "Limpar Arquivos Temporários",
    "TasksChannelsCategory": "Canais da Internet",
    "TasksApplicationCategory": "Aplicação",
    "TasksLibraryCategory": "Biblioteca",
    "TasksMaintenanceCategory": "Manutenção",
    "TaskCleanActivityLogDescription": "Apaga o registro de atividades mais antigo que a idade configurada.",
    "TaskCleanActivityLog": "Limpar Registro de Atividades",
    "Undefined": "Indefinido",
    "Forced": "Forçado",
    "Default": "Padrão",
    "TaskOptimizeDatabaseDescription": "Compactar base de dados e liberar espaço livre. Executar esta tarefa após realizar mudanças que impliquem em modificações da base de dados pode trazer melhorias de desempenho.",
    "TaskOptimizeDatabase": "Otimizar base de dados",
    "TaskKeyframeExtractor": "Extrator de quadro-chave",
    "TaskKeyframeExtractorDescription": "Extrai quadros-chave de arquivos de vídeo para criar listas de reprodução HLS mais precisas. Esta tarefa pode ser executada por um longo tempo.",
    "External": "Externo",
    "HearingImpaired": "Deficiência Auditiva",
    "TaskRefreshTrickplayImages": "Gerar imagens Trickplay",
    "TaskRefreshTrickplayImagesDescription": "Cria prévias Trickplay para vídeos em bibliotecas em que o recurso está habilitado.",
    "TaskCleanCollectionsAndPlaylists": "Limpe coleções e playlists",
    "TaskCleanCollectionsAndPlaylistsDescription": "Remove itens de coleções e playlists que não existem mais.",
    "TaskAudioNormalization": "Normalização de áudio",
    "TaskAudioNormalizationDescription": "Examina os ficheiros em busca de dados de normalização de áudio.",
    "TaskDownloadMissingLyricsDescription": "Baixar letras para músicas",
    "TaskDownloadMissingLyrics": "Baixar letra faltante",
    "TaskMoveTrickplayImagesDescription": "Move os arquivos do trickplay de acordo com as configurações da biblioteca.",
    "TaskExtractMediaSegments": "Varredura do segmento de mídia",
    "TaskExtractMediaSegmentsDescription": "Extrai ou obtém segmentos de mídia de plug-ins habilitados para MediaSegment.",
    "TaskMoveTrickplayImages": "Migrar o local da imagem do Trickplay"
}
