{
    "MessageApplicationUpdatedTo": "Serveri Jellyfin u përditesua në versionin {0}",
    "Inherit": "Trashgimi",
    "TaskDownloadMissingSubtitlesDescription": "Kërkon në internet për titra që mungojnë bazuar tek konfigurimi i metadata-ve.",
    "TaskDownloadMissingSubtitles": "Shkarko titra që mungojnë",
    "TaskRefreshChannelsDescription": "Rifreskon informacionin e kanaleve të internetit.",
    "TaskRefreshChannels": "Rifresko Kanalet",
    "TaskCleanTranscodeDescription": "Fshin skedarët e transkodimit që janë më të vjetër se një ditë.",
    "TaskCleanTranscode": "Fshi dosjen e transkodimit",
    "TaskUpdatePluginsDescription": "Shkarkon dhe instalon përditësimi për plugin që janë konfiguruar të përditësohen automatikisht.",
    "TaskUpdatePlugins": "Përditëso Plugin",
    "TaskRefreshPeopleDescription": "Përditëson metadata të aktorëve dhe regjizorëve në librarinë tuaj.",
    "TaskRefreshPeople": "Rifresko aktorët",
    "TaskCleanLogsDescription": "Fshin skëdarët log që janë më të vjetër se {0} ditë.",
    "TaskCleanLogs": "Fshi dosjen Log",
    "TaskRefreshLibraryDescription": "Skanon librarinë media për skedarë të rinj dhe rifreskon metadata.",
    "TaskRefreshLibrary": "Skano librarinë media",
    "TaskRefreshChapterImagesDescription": "Krijon imazh për videot që kanë kapituj.",
    "TaskRefreshChapterImages": "Ekstrakto Imazhet e Kapitullit",
    "TaskCleanCacheDescription": "Fshi skedarët e cache-s që nuk i duhen më sistemit.",
    "TaskCleanCache": "Pastro memorjen cache",
    "TasksChannelsCategory": "Kanalet nga interneti",
    "TasksApplicationCategory": "Aplikacioni",
    "TasksLibraryCategory": "Libraria",
    "TasksMaintenanceCategory": "Mirëmbajtje",
    "VersionNumber": "Versioni {0}",
    "ValueSpecialEpisodeName": "Speciale - {0}",
    "ValueHasBeenAddedToLibrary": "{0} u shtua tek libraria juaj",
    "UserStoppedPlayingItemWithValues": "{0} mbaroi së shikuari {1} tek {2}",
    "UserStartedPlayingItemWithValues": "{0} po shikon {1} tek {2}",
    "UserPolicyUpdatedWithName": "Politika e përdoruesit u përditësua për {0}",
    "UserPasswordChangedWithName": "Fjalëkalimi u ndryshua për përdoruesin {0}",
    "UserOnlineFromDevice": "{0} është në linjë nga {1}",
    "UserOfflineFromDevice": "{0} u shkëput nga {1}",
    "UserLockedOutWithName": "Përdoruesi {0} u përjashtua",
    "UserDownloadingItemWithValues": "{0} po shkarkon {1}",
    "UserDeletedWithName": "Përdoruesi {0} u fshi",
    "UserCreatedWithName": "Përdoruesi {0} u krijua",
    "User": "Përdoruesi",
    "TvShows": "Seriale TV",
    "System": "Sistemi",
    "Sync": "Sinkronizo",
    "SubtitleDownloadFailureFromForItem": "Titrat deshtuan të shkarkohen nga {0} për {1}",
    "StartupEmbyServerIsLoading": "Serveri Jellyfin po ngarkohet. Ju lutemi provoni përseri pas pak.",
    "Songs": "Këngët",
    "Shows": "Serialet",
    "ServerNameNeedsToBeRestarted": "{0} duhet të ristartoj",
    "ScheduledTaskStartedWithName": "{0} filloi",
    "ScheduledTaskFailedWithName": "{0} dështoi",
    "ProviderValue": "Ofruesi: {0}",
    "PluginUpdatedWithName": "{0} u përditësua",
    "PluginUninstalledWithName": "{0} u çinstalua",
    "PluginInstalledWithName": "{0} u instalua",
    "Plugin": "Plugin",
    "Playlists": "Listat për luajtje",
    "Photos": "Fotografitë",
    "NotificationOptionVideoPlaybackStopped": "Luajtja e videos ndaloi",
    "NotificationOptionVideoPlayback": "Luajtja e videos filloi",
    "NotificationOptionUserLockedOut": "Përdoruesi u përjashtua",
    "NotificationOptionTaskFailed": "Ushtrimi i planifikuar dështoi",
    "NotificationOptionServerRestartRequired": "Kërkohet ristartim i serverit",
    "NotificationOptionPluginUpdateInstalled": "Përditësimi i plugin u instalua",
    "NotificationOptionPluginUninstalled": "Plugin u çinstalua",
    "NotificationOptionPluginInstalled": "Plugin u instalua",
    "NotificationOptionPluginError": "Plugin dështoi",
    "NotificationOptionNewLibraryContent": "Një përmbajtje e re u shtua",
    "NotificationOptionInstallationFailed": "Instalimi dështoi",
    "NotificationOptionCameraImageUploaded": "Fotoja nga kamera u ngarkua",
    "NotificationOptionAudioPlaybackStopped": "Luajtja e audios ndaloi",
    "NotificationOptionAudioPlayback": "Luajtja e audios filloi",
    "NotificationOptionApplicationUpdateInstalled": "Përditësimi i aplikacionit u instalua",
    "NotificationOptionApplicationUpdateAvailable": "Një perditësim i aplikacionit është gati",
    "NewVersionIsAvailable": "Një version i ri i Jellyfin është gati për tu shkarkuar.",
    "NameSeasonUnknown": "Sezon i panjohur",
    "NameSeasonNumber": "Sezoni {0}",
    "NameInstallFailed": "Instalimi i {0} dështoi",
    "MusicVideos": "Video Muzikore",
    "Music": "Muzikë",
    "Movies": "Filmat",
    "MixedContent": "Përmbajtje e përzier",
    "MessageServerConfigurationUpdated": "Konfigurimet e serverit u përditësuan",
    "MessageNamedServerConfigurationUpdatedWithValue": "Seksioni i konfigurimit të serverit {0} u përditësua",
    "MessageApplicationUpdated": "Serveri Jellyfin u përditësua",
    "Latest": "Të fundit",
    "LabelRunningTimeValue": "Kohëzgjatja: {0}",
    "LabelIpAddressValue": "Adresa IP: {0}",
    "ItemRemovedWithName": "{0} u fshi nga libraria",
    "ItemAddedWithName": "{0} u shtua tek libraria",
    "HomeVideos": "Video personale",
    "HeaderRecordingGroups": "Grupet e regjistrimit",
    "HeaderNextUp": "Në vazhdim",
    "HeaderLiveTV": "TV Live",
    "HeaderFavoriteSongs": "Kënget e preferuara",
    "HeaderFavoriteShows": "Serialet e preferuar",
    "HeaderFavoriteEpisodes": "Episodet e preferuar",
    "HeaderFavoriteArtists": "Artistët e preferuar",
    "HeaderFavoriteAlbums": "Albumet e preferuar",
    "HeaderContinueWatching": "Vazhdo të shikosh",
    "HeaderAlbumArtists": "Artistët e albumeve",
    "Genres": "Zhanret",
    "Folders": "Skedarët",
    "Favorites": "Të preferuarat",
    "FailedLoginAttemptWithUserName": "Përpjekja për hyrje dështoi nga {0}",
    "DeviceOnlineWithName": "{0} u lidh",
    "DeviceOfflineWithName": "{0} u shkëput",
    "Collections": "Koleksionet",
    "ChapterNameValue": "Kapituj",
    "Channels": "Kanalet",
    "CameraImageUploadedFrom": "Një foto e re nga kamera u ngarkua nga {0}",
    "Books": "Librat",
    "AuthenticationSucceededWithUserName": "{0} u identifikua me sukses",
    "Artists": "Artistët",
    "Application": "Aplikacioni",
    "AppDeviceValues": "Aplikacioni: {0}, Pajisja: {1}",
    "Albums": "Albumet",
    "TaskCleanActivityLogDescription": "Pastro të dhënat mbi aktivitetin më të vjetra sesa koha e përcaktuar.",
    "TaskCleanActivityLog": "Pastro të dhënat mbi aktivitetin",
    "Undefined": "I papërcaktuar",
    "Forced": "I detyruar",
    "Default": "Parazgjedhur",
    "TaskOptimizeDatabaseDescription": "Kompakton bazën e të dhënave dhe shkurton hapësirën e lirë. Drejtimi i kësaj detyre pasi skanoni bibliotekën ose bëni ndryshime të tjera që nënkuptojnë modifikime të bazës së të dhënave mund të përmirësojë performancën.",
    "TaskOptimizeDatabase": "Optimizo databazën",
    "TaskKeyframeExtractorDescription": "Nxjerrë kornizat kryesore nga skedarët video për të krijuar lista luajtjeje më të sakta HLS. Ky veprim mund të dojë një kohë të gjatë për tu kompletuar.",
    "TaskKeyframeExtractor": "Nxjerrës i kornizës kryesore",
    "External": "Jashtem",
    "HearingImpaired": "Dëgjimi i dëmtuar",
    "TaskRefreshTrickplayImages": "Krijo Imazhe Trickplay",
    "TaskRefreshTrickplayImagesDescription": "Krijon pamje paraprake për video në bibliotekat e aktivizuara."
}
