{
    "ProviderValue": "ผู้ให้บริการ: {0}",
    "PluginUpdatedWithName": "อัปเดต {0} แล้ว",
    "PluginUninstalledWithName": "ถอนการติดตั้ง {0} แล้ว",
    "PluginInstalledWithName": "ติดตั้ง {0} แล้ว",
    "Plugin": "ปลั๊กอิน",
    "Playlists": "เพลย์ลิสต์",
    "Photos": "รูปภาพ",
    "NotificationOptionVideoPlaybackStopped": "หยุดเล่นวิดีโอ",
    "NotificationOptionVideoPlayback": "เริ่มเล่นวิดีโอ",
    "NotificationOptionUserLockedOut": "ผู้ใช้ถูกล็อก",
    "NotificationOptionTaskFailed": "งานตามกำหนดการล้มเหลว",
    "NotificationOptionServerRestartRequired": "จำเป็นต้องรีสตาร์ทเซิร์ฟเวอร์",
    "NotificationOptionPluginUpdateInstalled": "ติดตั้งการอัปเดตปลั๊กอินแล้ว",
    "NotificationOptionPluginUninstalled": "ถอนการติดตั้งปลั๊กอินแล้ว",
    "NotificationOptionPluginInstalled": "ติดตั้งปลั๊กอินแล้ว",
    "NotificationOptionPluginError": "ปลั๊กอินล้มเหลว",
    "NotificationOptionNewLibraryContent": "เพิ่มเนื้อหาใหม่แล้ว",
    "NotificationOptionInstallationFailed": "การติดตั้งล้มเหลว",
    "NotificationOptionCameraImageUploaded": "อัปโหลดภาพถ่ายแล้ว",
    "NotificationOptionAudioPlaybackStopped": "หยุดเล่นเสียง",
    "NotificationOptionAudioPlayback": "เริ่มเล่นเสียง",
    "NotificationOptionApplicationUpdateInstalled": "ติดตั้งการอัปเดตแอปพลิเคชันแล้ว",
    "NotificationOptionApplicationUpdateAvailable": "มีการอัปเดตแอปพลิเคชัน",
    "NewVersionIsAvailable": "เวอร์ชันใหม่ของเซิร์ฟเวอร์ Jellyfin พร้อมให้ดาวน์โหลดแล้ว",
    "NameSeasonUnknown": "ไม่ทราบซีซัน",
    "NameSeasonNumber": "ซีซัน {0}",
    "NameInstallFailed": "การติดตั้ง {0} ล้มเหลว",
    "MusicVideos": "มิวสิควิดีโอ",
    "Music": "ดนตรี",
    "Movies": "ภาพยนตร์",
    "MixedContent": "เนื้อหาผสม",
    "MessageServerConfigurationUpdated": "อัปเดตการกำหนดค่าเซิร์ฟเวอร์แล้ว",
    "MessageNamedServerConfigurationUpdatedWithValue": "อัปเดตการกำหนดค่าเซิร์ฟเวอร์ในส่วน {0} แล้ว",
    "MessageApplicationUpdatedTo": "เซิร์ฟเวอร์ Jellyfin ได้รับการอัปเดตเป็น {0}",
    "MessageApplicationUpdated": "อัพเดตเซิร์ฟเวอร์ Jellyfin แล้ว",
    "Latest": "ล่าสุด",
    "LabelRunningTimeValue": "ผ่านไปแล้ว: {0}",
    "LabelIpAddressValue": "ที่อยู่ IP: {0}",
    "ItemRemovedWithName": "{0} ถูกลบออกจากไลบรารี",
    "ItemAddedWithName": "{0} ถูกเพิ่มลงในไลบรารีแล้ว",
    "Inherit": "สืบทอด",
    "HomeVideos": "โฮมวิดีโอ",
    "HeaderRecordingGroups": "กลุ่มการบันทึก",
    "HeaderNextUp": "ถัดไป",
    "HeaderLiveTV": "ทีวีสด",
    "HeaderFavoriteSongs": "เพลงที่ชื่นชอบ",
    "HeaderFavoriteShows": "รายการที่ชื่นชอบ",
    "HeaderFavoriteEpisodes": "ตอนที่ชื่นชอบ",
    "HeaderFavoriteArtists": "ศิลปินที่ชื่นชอบ",
    "HeaderFavoriteAlbums": "อัมบั้มที่ชื่นชอบ",
    "HeaderContinueWatching": "ดูต่อ",
    "HeaderAlbumArtists": "ศิลปินอัลบั้ม",
    "Genres": "ประเภท",
    "Folders": "โฟลเดอร์",
    "Favorites": "รายการโปรด",
    "FailedLoginAttemptWithUserName": "ความพยายามในการเข้าสู่ระบบล้มเหลวจาก {0}",
    "DeviceOnlineWithName": "{0} เชื่อมต่อสำเร็จแล้ว",
    "DeviceOfflineWithName": "{0} ยกเลิกการเชื่อมต่อแล้ว",
    "Collections": "คอลเลกชัน",
    "ChapterNameValue": "บท {0}",
    "Channels": "ช่อง",
    "CameraImageUploadedFrom": "ภาพถ่ายใหม่ได้ถูกอัปโหลดมาจาก {0}",
    "Books": "หนังสือ",
    "AuthenticationSucceededWithUserName": "{0} ยืนยันตัวสำเร็จแล้ว",
    "Artists": "ศิลปิน",
    "Application": "แอปพลิเคชัน",
    "AppDeviceValues": "แอป: {0}, อุปกรณ์: {1}",
    "Albums": "อัลบั้ม",
    "ScheduledTaskStartedWithName": "{0} เริ่มต้น",
    "ScheduledTaskFailedWithName": "{0} ล้มเหลว",
    "Songs": "เพลง",
    "Shows": "รายการ",
    "ServerNameNeedsToBeRestarted": "{0} ต้องการการรีสตาร์ท",
    "TaskDownloadMissingSubtitlesDescription": "ค้นหาคำบรรยายที่หายไปในอินเทอร์เน็ตตามค่ากำหนดในข้อมูลเมตา",
    "TaskDownloadMissingSubtitles": "ดาวน์โหลดคำบรรยายที่ขาดหายไป",
    "TaskRefreshChannelsDescription": "รีเฟรชข้อมูลช่องอินเทอร์เน็ต",
    "TaskRefreshChannels": "รีเฟรชช่อง",
    "TaskCleanTranscodeDescription": "ลบไฟล์ทรานส์โค้ดที่มีอายุมากกว่าหนึ่งวัน",
    "TaskCleanTranscode": "ล้างไดเรกทอรีทรานส์โค้ด",
    "TaskUpdatePluginsDescription": "ดาวน์โหลดและติดตั้งโปรแกรมปรับปรุงให้กับปลั๊กอินที่กำหนดค่าให้อัปเดตโดยอัตโนมัติ",
    "TaskUpdatePlugins": "อัปเดตปลั๊กอิน",
    "TaskRefreshPeopleDescription": "อัปเดตข้อมูลเมตานักแสดงและผู้กำกับในไลบรารีสื่อ",
    "TaskRefreshPeople": "รีเฟรชบุคคล",
    "TaskCleanLogsDescription": "ลบไฟล์บันทึกที่เก่ากว่า {0} วัน",
    "TaskCleanLogs": "ล้างไดเรกทอรีบันทึก",
    "TaskRefreshLibraryDescription": "สแกนไลบรารีสื่อของคุณเพื่อหาไฟล์ใหม่และรีเฟรชข้อมูลเมตา",
    "TaskRefreshLibrary": "สแกนไลบรารีสื่อ",
    "TaskRefreshChapterImagesDescription": "สร้างภาพขนาดย่อสำหรับวิดีโอที่มีบท",
    "TaskRefreshChapterImages": "แตกรูปภาพบท",
    "TaskCleanCacheDescription": "ลบไฟล์แคชที่ระบบไม่ต้องการ",
    "TaskCleanCache": "ล้างไดเรกทอรีแคช",
    "TasksChannelsCategory": "ช่องอินเทอร์เน็ต",
    "TasksApplicationCategory": "แอปพลิเคชัน",
    "TasksLibraryCategory": "ไลบรารี",
    "TasksMaintenanceCategory": "ปิดซ่อมบำรุง",
    "VersionNumber": "เวอร์ชัน {0}",
    "ValueSpecialEpisodeName": "พิเศษ - {0}",
    "ValueHasBeenAddedToLibrary": "เพิ่ม {0} ลงในไลบรารีสื่อของคุณแล้ว",
    "UserStoppedPlayingItemWithValues": "{0} เล่นเสร็จแล้ว {1} บน {2}",
    "UserStartedPlayingItemWithValues": "{0} กำลังเล่น {1} บน {2}",
    "UserPolicyUpdatedWithName": "มีการอัปเดตนโยบายผู้ใช้ของ {0}",
    "UserPasswordChangedWithName": "มีการเปลี่ยนรหัสผ่านของผู้ใช้ {0}",
    "UserOnlineFromDevice": "{0} ออนไลน์จาก {1}",
    "UserOfflineFromDevice": "{0} ได้ยกเลิกการเชื่อมต่อจาก {1}",
    "UserLockedOutWithName": "ผู้ใช้ {0} ถูกล็อก",
    "UserDownloadingItemWithValues": "{0} กำลังดาวน์โหลด {1}",
    "UserDeletedWithName": "ลบผู้ใช้ {0} แล้ว",
    "UserCreatedWithName": "สร้างผู้ใช้ {0} แล้ว",
    "User": "ผู้ใช้งาน",
    "TvShows": "รายการทีวี",
    "System": "ระบบ",
    "Sync": "ซิงค์",
    "SubtitleDownloadFailureFromForItem": "ไม่สามารถดาวน์โหลดคำบรรยายจาก {0} สำหรับ {1} ได้",
    "StartupEmbyServerIsLoading": "กำลังโหลดเซิร์ฟเวอร์ Jellyfin โปรดลองอีกครั้งในอีกสักครู่",
    "Default": "ค่าเริ่มต้น",
    "TaskCleanActivityLogDescription": "ลบบันทึกกิจกรรมที่เก่ากว่าค่าที่กำหนดไว้",
    "TaskCleanActivityLog": "ล้างบันทึกกิจกรรม",
    "Undefined": "ไม่ได้กำหนด",
    "Forced": "บังคับใช้",
    "TaskOptimizeDatabase": "ปรับปรุงประสิทธิภาพฐานข้อมูล",
    "TaskOptimizeDatabaseDescription": "ลดขนาดการจัดเก็บฐานข้อมูล ใช้งานคำสั่งนี้หลังจากสแกนไลบรารีหรือหลังจากการเปลี่ยนแปลงฐานข้อมูล อาจจะทำให้ระบบทำงานเร็วขึ้น",
    "External": "ภายนอก",
    "HearingImpaired": "บกพร่องทางการได้ยิน",
    "TaskKeyframeExtractor": "ตัวแยกคีย์เฟรม",
    "TaskKeyframeExtractorDescription": "แยกคีย์เฟรมจากไฟล์วีดีโอเพื่อสร้างรายการ HLS ให้ถูกต้อง. กระบวนการนี้อาจใช้ระยะเวลานาน",
    "TaskRefreshTrickplayImages": "สร้างไฟล์รูปภาพสำหรับ Trickplay",
    "TaskRefreshTrickplayImagesDescription": "สร้างภาพตัวอย่างของวีดีโอในคลังที่เปิดใช้งาน Trickplay"
}
