Approved,0
G,0
TV-G,0
TV-Y,0
TV-Y7,7
TV-Y7-FV,7
PG,10
TV-PG,10
TV-PG-D,10
TV-PG-L,10
TV-PG-S,10
TV-PG-V,10
TV-PG-DL,10
TV-PG-DS,10
TV-PG-DV,10
TV-PG-LS,10
TV-PG-LV,10
TV-PG-SV,10
TV-PG-DLS,10
TV-PG-DLV,10
TV-PG-DSV,10
TV-PG-LSV,10
TV-PG-DLSV,10
PG-13,13
TV-14,14
TV-14-D,14
TV-14-L,14
TV-14-S,14
TV-14-V,14
TV-14-DL,14
TV-14-DS,14
TV-14-DV,14
TV-14-LS,14
TV-14-LV,14
TV-14-SV,14
TV-14-DLS,14
TV-14-DLV,14
TV-14-DSV,14
TV-14-LSV,14
TV-14-DLSV,14
NC-17,17
R,17
TV-MA,17
TV-MA-L,17
TV-MA-S,17
TV-MA-V,17
TV-MA-LS,17
TV-MA-LV,17
TV-MA-SV,17
TV-MA-LSV,17
